"","Band","GPS_tag","Day9","Day10","Index","Status","Sats","RTC-date","RTC-time","FIX-date","FIX-time","Delta(s)","Latitude","Longitude","Altitude(m)","HDOP","eRes","Temperature(C)","Voltage(V)","filename","year","nest","site"
"1","2640-97592",49339,2020-06-11,2020-06-12,72,"Valid","7/7","20/06/12",12:45:06,"20/06/12",44:44:00,-21.242,40.13688,-105.21051,1560.65,1.2,0.8,0,NA,"PinPoint 49339 2020 BlueCloud 1",2020,1,"BlueCloud"
"2","2640-97592",49339,2020-06-11,2020-06-12,74,"Valid","9/9","20/06/12",13:10:04,"20/06/12",09:42:00,-21.321,40.13582,-105.21279,1569.58,0.9,3.3,0,NA,"PinPoint 49339 2020 BlueCloud 1",2020,1,"BlueCloud"
"3","2640-97592",49339,2020-06-11,2020-06-12,81,"Valid","8/9","20/06/12",14:20:11,"20/06/12",19:49:00,-21.991,40.13667,-105.21313,1580.55,1.7,1.6,0,NA,"PinPoint 49339 2020 BlueCloud 1",2020,1,"BlueCloud"
"4","2640-97592",49339,2020-06-11,2020-06-12,82,"Valid","9/9","20/06/12",14:30:11,"20/06/12",29:49:00,-21.481,40.1359,-105.21338,1576.79,1.1,1.8,0,NA,"PinPoint 49339 2020 BlueCloud 1",2020,1,"BlueCloud"
"5","2850-57444",49328,2020-06-18,2020-06-19,54,"Valid","9/9","20/06/19",13:00:08,"20/06/19",59:49:00,-18.624,40.13765,-105.21327,1573.69,0.9,2,0,NA,"PinPoint 49328 2020 BlueCloud 3",2020,3,"BlueCloud"
"6","2850-57444",49328,2020-06-18,2020-06-19,55,"Valid","9/9","20/06/19",13:10:10,"20/06/19",09:51:00,-18.658,40.13769,-105.21364,1568.52,0.8,0.8,0,NA,"PinPoint 49328 2020 BlueCloud 3",2020,3,"BlueCloud"
"7","2850-57444",49328,2020-06-18,2020-06-19,56,"Valid","9/9","20/06/19",13:20:11,"20/06/19",19:52:00,-18.672,40.13598,-105.21283,1566.6,0.9,2.9,0,NA,"PinPoint 49328 2020 BlueCloud 3",2020,3,"BlueCloud"
"8","2850-57444",49328,2020-06-18,2020-06-19,57,"Valid","9/9","20/06/19",13:30:10,"20/06/19",29:51:00,-18.706,40.13604,-105.21267,1571.73,0.9,1,0,NA,"PinPoint 49328 2020 BlueCloud 3",2020,3,"BlueCloud"
"9","2850-57444",49328,2020-06-18,2020-06-19,58,"Valid","9/9","20/06/19",13:40:11,"20/06/19",39:52:00,-18.797,40.13759,-105.20885,1562.47,1,0.6,0,NA,"PinPoint 49328 2020 BlueCloud 3",2020,3,"BlueCloud"
"10","2850-57444",49328,2020-06-18,2020-06-19,59,"Valid","8/8","20/06/19",13:50:11,"20/06/19",49:52:00,-19.002,40.13686,-105.20825,1556.71,1,0.6,0,NA,"PinPoint 49328 2020 BlueCloud 3",2020,3,"BlueCloud"
"11","2850-57444",49328,2020-06-18,2020-06-19,60,"Valid","9/9","20/06/19",14:00:11,"20/06/19",59:52:00,-18.773,40.13587,-105.21247,1569.4,1.1,1.4,0,NA,"PinPoint 49328 2020 BlueCloud 3",2020,3,"BlueCloud"
"12","2850-57444",49328,2020-06-18,2020-06-19,61,"Valid","8/8","20/06/19",14:10:11,"20/06/19",09:52:00,-18.791,40.13588,-105.21285,1583.69,1.3,1.2,0,NA,"PinPoint 49328 2020 BlueCloud 3",2020,3,"BlueCloud"
"13","2850-57444",49328,2020-06-18,2020-06-19,62,"Valid","9/9","20/06/19",14:20:09,"20/06/19",19:50:00,-18.819,40.13759,-105.21357,1570.97,1.2,0.7,0,NA,"PinPoint 49328 2020 BlueCloud 3",2020,3,"BlueCloud"
"14","2850-57444",49328,2020-06-18,2020-06-19,63,"Valid","8/8","20/06/19",14:30:04,"20/06/19",29:45:00,-18.836,40.13593,-105.21291,1561.88,1.3,4.1,0,NA,"PinPoint 49328 2020 BlueCloud 3",2020,3,"BlueCloud"
"15","2850-57444",49328,2020-06-18,2020-06-19,65,"Valid","8/8","20/06/19",14:50:10,"20/06/19",49:51:00,-18.89,40.13596,-105.21278,1568.19,1.1,1.7,0,NA,"PinPoint 49328 2020 BlueCloud 3",2020,3,"BlueCloud"
"16","2850-57444",49328,2020-06-18,2020-06-19,66,"Valid","8/8","20/06/19",15:00:12,"20/06/19",59:52:00,-19.394,40.13662,-105.21277,1577.56,1.5,1.6,0,NA,"PinPoint 49328 2020 BlueCloud 3",2020,3,"BlueCloud"
"17","2350-21087",49326,2019-06-29,2019-06-30,54,"Valid","6/7","19/06/30",13:00:05,"19/06/30",59:52:00,-12.818,40.13554,-105.19606,1543.68,2.1,0.7,0,NA,"PinPoint 49326 2019 BlueCloud 4",2019,4,"BlueCloud"
"18","2350-21087",49326,2019-06-29,2019-06-30,56,"Valid","8/9","19/06/30",13:20:04,"19/06/30",19:51:00,-12.863,40.13621,-105.21353,1575.04,1.1,2.5,0,NA,"PinPoint 49326 2019 BlueCloud 4",2019,4,"BlueCloud"
"19","2350-21087",49326,2019-06-29,2019-06-30,57,"Valid","7/9","19/06/30",13:30:04,"19/06/30",29:51:00,-12.894,40.1361,-105.21312,1568.07,1.2,1.9,0,NA,"PinPoint 49326 2019 BlueCloud 4",2019,4,"BlueCloud"
"20","2350-21087",49326,2019-06-29,2019-06-30,58,"Valid","8/9","19/06/30",13:40:10,"19/06/30",39:57:00,-12.903,40.13596,-105.21286,1567.92,1.1,0.5,0,NA,"PinPoint 49326 2019 BlueCloud 4",2019,4,"BlueCloud"
"21","2350-21087",49326,2019-06-29,2019-06-30,59,"Valid","8/9","19/06/30",13:50:11,"19/06/30",49:58:00,-12.927,40.13592,-105.21293,1565.93,1.1,1.6,0,NA,"PinPoint 49326 2019 BlueCloud 4",2019,4,"BlueCloud"
"22","2350-21087",49326,2019-06-29,2019-06-30,60,"Valid","8/9","19/06/30",14:00:11,"19/06/30",59:57:00,-13.602,40.13592,-105.21273,1570.23,1.3,1.4,0,NA,"PinPoint 49326 2019 BlueCloud 4",2019,4,"BlueCloud"
"23","2350-21087",49326,2019-06-29,2019-06-30,61,"Valid","7/9","19/06/30",14:10:04,"19/06/30",09:51:00,-12.969,40.1358,-105.21244,1580.98,1.3,0.8,0,NA,"PinPoint 49326 2019 BlueCloud 4",2019,4,"BlueCloud"
"24","2350-21087",49326,2019-06-29,2019-06-30,62,"Valid","8/9","19/06/30",14:20:11,"19/06/30",19:58:00,-12.993,40.13603,-105.21299,1561.09,1.2,3.2,0,NA,"PinPoint 49326 2019 BlueCloud 4",2019,4,"BlueCloud"
"25","2350-21087",49326,2019-06-29,2019-06-30,63,"Valid","9/9","19/06/30",14:30:05,"19/06/30",29:52:00,-12.983,40.13614,-105.21336,1579.87,1.4,3.8,0,NA,"PinPoint 49326 2019 BlueCloud 4",2019,4,"BlueCloud"
"26","2350-21087",49326,2019-06-29,2019-06-30,64,"Valid","8/9","19/06/30",14:40:04,"19/06/30",39:51:00,-13.019,40.13624,-105.21342,1576.85,1.8,2.4,0,NA,"PinPoint 49326 2019 BlueCloud 4",2019,4,"BlueCloud"
"27","2350-21087",49326,2019-06-29,2019-06-30,65,"Valid","8/9","19/06/30",14:50:05,"19/06/30",49:52:00,-12.988,40.13623,-105.21308,1570.63,1.2,2.2,0,NA,"PinPoint 49326 2019 BlueCloud 4",2019,4,"BlueCloud"
"28","2850-57445",49323,2019-06-28,2019-06-29,NA,NA,NA,NA,NA,NA,NA,NA,NA,NA,NA,NA,NA,NA,NA,NA,NA,NA,NA
"29","2850-57446",49325,2019-07-02,2019-07-03,55,"Valid","7/8","19/07/03",13:10:04,"19/07/03",09:45:00,-18.869,40.13333,-105.21073,1565.16,1.2,1.2,0,NA,"PinPoint 49325 2019 BlueCloud 10",2019,10,"BlueCloud"
"30","2850-57446",49325,2019-07-02,2019-07-03,56,"Valid","3/3","19/07/03",13:20:11,"19/07/03",19:52:00,-18.92,40.13574,-105.21223,1565.17,4.5,0,0,NA,"PinPoint 49325 2019 BlueCloud 10",2019,10,"BlueCloud"
"31","2850-57446",49325,2019-07-02,2019-07-03,57,"Valid","8/9","19/07/03",13:30:04,"19/07/03",29:45:00,-18.903,40.13338,-105.21067,1564.15,1.1,0.9,0,NA,"PinPoint 49325 2019 BlueCloud 10",2019,10,"BlueCloud"
"32","2850-57446",49325,2019-07-02,2019-07-03,59,"Valid","8/9","19/07/03",13:50:05,"19/07/03",49:46:00,-18.978,40.13434,-105.2105,1565.15,1.1,0.5,0,NA,"PinPoint 49325 2019 BlueCloud 10",2019,10,"BlueCloud"
"33","2850-57446",49325,2019-07-02,2019-07-03,60,"Valid","8/9","19/07/03",14:00:08,"19/07/03",59:49:00,-19.001,40.13712,-105.2125,1578.29,1.2,2,0,NA,"PinPoint 49325 2019 BlueCloud 10",2019,10,"BlueCloud"
"34","2850-57446",49325,2019-07-02,2019-07-03,62,"Valid","8/8","19/07/03",14:20:05,"19/07/03",19:45:00,-19.058,40.12932,-105.21162,1567.38,3.1,1.4,0,NA,"PinPoint 49325 2019 BlueCloud 10",2019,10,"BlueCloud"
"35","2850-57446",49325,2019-07-02,2019-07-03,65,"Valid","8/9","19/07/03",14:50:11,"19/07/03",49:51:00,-19.8,40.13587,-105.21128,1564.39,1.6,0.8,0,NA,"PinPoint 49325 2019 BlueCloud 10",2019,10,"BlueCloud"
"36","2850-57446",49325,2019-07-02,2019-07-03,66,"Valid","8/9","19/07/03",15:00:11,"19/07/03",59:51:00,-19.797,40.13564,-105.21225,1566.24,1.4,0.7,0,NA,"PinPoint 49325 2019 BlueCloud 10",2019,10,"BlueCloud"
"37","2640-97556",49321,2019-07-03,2019-07-04,54,"Valid","8/9","19/07/04",13:00:11,"19/07/04",59:55:00,-15.803,40.0283,-105.26323,1605.58,1.1,4.8,0,NA,"PinPoint 49321 2019 Folsom 1",2019,1,"Folsom"
"38","2640-97556",49321,2019-07-03,2019-07-04,55,"Valid","8/9","19/07/04",13:10:11,"19/07/04",09:55:00,-15.8,40.0279,-105.26292,1607.9,1,1.5,0,NA,"PinPoint 49321 2019 Folsom 1",2019,1,"Folsom"
"39","2640-97556",49321,2019-07-03,2019-07-04,56,"Valid","8/8","19/07/04",13:20:11,"19/07/04",19:55:00,-15.195,40.02796,-105.2654,1615.84,0.9,0.7,0,NA,"PinPoint 49321 2019 Folsom 1",2019,1,"Folsom"
"40","2640-97556",49321,2019-07-03,2019-07-04,57,"Valid","8/9","19/07/04",13:30:04,"19/07/04",29:48:00,-15.215,40.03058,-105.2663,1657.15,2,1.3,0,NA,"PinPoint 49321 2019 Folsom 1",2019,1,"Folsom"
"41","2640-97556",49321,2019-07-03,2019-07-04,58,"Valid","8/9","19/07/04",13:40:11,"19/07/04",39:55:00,-15.801,40.02977,-105.26773,1704.38,1.1,0.8,0,NA,"PinPoint 49321 2019 Folsom 1",2019,1,"Folsom"
"42","2640-97556",49321,2019-07-03,2019-07-04,59,"Valid","8/9","19/07/04",13:50:04,"19/07/04",49:48:00,-15.254,40.02936,-105.26788,1677.27,1.8,0.8,0,NA,"PinPoint 49321 2019 Folsom 1",2019,1,"Folsom"
"43","2640-97556",49321,2019-07-03,2019-07-04,60,"Valid","8/9","19/07/04",14:00:07,"19/07/04",59:51:00,-15.277,40.02727,-105.26916,1741.72,1.3,3.8,0,NA,"PinPoint 49321 2019 Folsom 1",2019,1,"Folsom"
"44","2640-97556",49321,2019-07-03,2019-07-04,62,"Valid","9/9","19/07/04",14:20:05,"19/07/04",19:49:00,-15.312,40.027,-105.26843,1793.62,1.4,1.4,0,NA,"PinPoint 49321 2019 Folsom 1",2019,1,"Folsom"
"45","2640-97556",49321,2019-07-03,2019-07-04,64,"Valid","9/9","19/07/04",14:40:11,"19/07/04",39:55:00,-15.399,40.02732,-105.26276,1611.16,1.2,2.3,0,NA,"PinPoint 49321 2019 Folsom 1",2019,1,"Folsom"
"46","2640-97556",49321,2019-07-03,2019-07-04,65,"Valid","8/9","19/07/04",14:50:10,"19/07/04",49:54:00,-15.361,40.0254,-105.26462,1724.29,1.1,2.4,0,NA,"PinPoint 49321 2019 Folsom 1",2019,1,"Folsom"
"47","2640-97556",49321,2019-07-03,2019-07-04,66,"Valid","8/9","19/07/04",15:00:10,"19/07/04",59:54:00,-16.002,40.02721,-105.26465,1784.48,1.4,1.6,0,NA,"PinPoint 49321 2019 Folsom 1",2019,1,"Folsom"
"48","2640-97547",49334,2019-06-29,2019-06-30,54,"Valid","8/9","19/06/30",13:00:11,"19/06/30",59:53:00,-17.087,40.02761,-105.26163,1603.51,1,0.9,0,NA,"PinPoint 49334 2019 Mapleton 4",2019,4,"Mapleton"
"49","2640-97547",49334,2019-06-29,2019-06-30,55,"Valid","7/8","19/06/30",13:10:05,"19/06/30",09:47:00,-17.109,40.03904,-105.24798,1605.36,2.1,0.9,0,NA,"PinPoint 49334 2019 Mapleton 4",2019,4,"Mapleton"
"50","2640-97547",49334,2019-06-29,2019-06-30,57,"Valid","8/9","19/06/30",13:30:11,"19/06/30",29:53:00,-17.168,40.02587,-105.26147,1600.94,0.9,0.8,0,NA,"PinPoint 49334 2019 Mapleton 4",2019,4,"Mapleton"
"51","2640-97547",49334,2019-06-29,2019-06-30,58,"Valid","8/9","19/06/30",13:40:11,"19/06/30",39:53:00,-17.191,40.02758,-105.26217,1606.08,1.1,1.3,0,NA,"PinPoint 49334 2019 Mapleton 4",2019,4,"Mapleton"
"52","2640-97547",49334,2019-06-29,2019-06-30,59,"Valid","8/9","19/06/30",13:50:11,"19/06/30",49:53:00,-17.22,40.02751,-105.26199,1602.83,1,1,0,NA,"PinPoint 49334 2019 Mapleton 4",2019,4,"Mapleton"
"53","2640-97547",49334,2019-06-29,2019-06-30,60,"Valid","8/9","19/06/30",14:00:11,"19/06/30",59:53:00,-17.245,40.02559,-105.26239,1604.21,1,4,0,NA,"PinPoint 49334 2019 Mapleton 4",2019,4,"Mapleton"
"54","2640-97547",49334,2019-06-29,2019-06-30,61,"Valid","7/9","19/06/30",14:10:08,"19/06/30",09:50:00,-17.271,40.02375,-105.26283,1615.24,1.1,1.7,0,NA,"PinPoint 49334 2019 Mapleton 4",2019,4,"Mapleton"
"55","2640-97547",49334,2019-06-29,2019-06-30,63,"Valid","9/9","19/06/30",14:30:11,"19/06/30",29:53:00,-17.33,40.02573,-105.26209,1604.05,1.2,3.4,0,NA,"PinPoint 49334 2019 Mapleton 4",2019,4,"Mapleton"
"56","2640-97547",49334,2019-06-29,2019-06-30,64,"Valid","8/9","19/06/30",14:40:06,"19/06/30",39:48:00,-17.377,40.02381,-105.26324,1640.45,1.1,15,0,NA,"PinPoint 49334 2019 Mapleton 4",2019,4,"Mapleton"
"57","2640-97547",49334,2019-06-29,2019-06-30,65,"Valid","9/9","19/06/30",14:50:11,"19/06/30",49:53:00,-17.393,40.02656,-105.26321,1626.74,1,2.1,0,NA,"PinPoint 49334 2019 Mapleton 4",2019,4,"Mapleton"
"58","2640-97547",49334,2019-06-29,2019-06-30,66,"Valid","8/9","19/06/30",15:00:14,"19/06/30",59:56:00,-17.402,40.02634,-105.26357,1646.02,1.6,1.3,0,NA,"PinPoint 49334 2019 Mapleton 4",2019,4,"Mapleton"
"59","2640-97562",49341,2020-06-19,2020-06-20,56,"Valid","7/7","20/06/20",13:20:11,"20/06/20",19:55:00,-15.396,40.03864,-105.25266,1604.54,1.2,0.6,0,NA,"PinPoint 49341 2020 Mapleton 5",2020,5,"Mapleton"
"60","2640-97562",49341,2020-06-19,2020-06-20,58,"Valid","8/8","20/06/20",13:40:10,"20/06/20",39:54:00,-15.538,40.03075,-105.25971,1602.54,1,1.7,0,NA,"PinPoint 49341 2020 Mapleton 5",2020,5,"Mapleton"
"61","2640-97562",49341,2020-06-19,2020-06-20,59,"Valid","9/9","20/06/20",13:50:09,"20/06/20",49:53:00,-15.563,40.03258,-105.25838,1603.34,0.9,2,0,NA,"PinPoint 49341 2020 Mapleton 5",2020,5,"Mapleton"
"62","2640-97562",49341,2020-06-19,2020-06-20,60,"Valid","8/8","20/06/20",14:00:09,"20/06/20",59:53:00,-15.586,40.03916,-105.25134,1606.19,1.2,1.1,0,NA,"PinPoint 49341 2020 Mapleton 5",2020,5,"Mapleton"
"63","2640-97562",49341,2020-06-19,2020-06-20,62,"Valid","8/9","20/06/20",14:20:08,"20/06/20",19:52:00,-15.631,40.02807,-105.26191,1587.07,1.5,3.9,0,NA,"PinPoint 49341 2020 Mapleton 5",2020,5,"Mapleton"
"64","2640-97562",49341,2020-06-19,2020-06-20,63,"Valid","8/8","20/06/20",14:30:11,"20/06/20",29:55:00,-15.665,40.03279,-105.25893,1603.87,1.2,2,0,NA,"PinPoint 49341 2020 Mapleton 5",2020,5,"Mapleton"
"65","2640-97562",49341,2020-06-19,2020-06-20,64,"Valid","7/7","20/06/20",14:40:11,"20/06/20",39:55:00,-15.681,40.028,-105.26274,1609.86,1.8,0.6,0,NA,"PinPoint 49341 2020 Mapleton 5",2020,5,"Mapleton"
"66","2640-97562",49341,2020-06-19,2020-06-20,65,"Valid","7/7","20/06/20",14:50:11,"20/06/20",49:55:00,-15.699,40.02764,-105.26177,1599.9,1.3,2.9,0,NA,"PinPoint 49341 2020 Mapleton 5",2020,5,"Mapleton"
"67","2640-97562",49341,2020-06-19,2020-06-20,66,"Valid","8/9","20/06/20",15:00:14,"20/06/20",59:58:00,-15.995,40.02832,-105.26225,1616.9,1.2,1.9,0,NA,"PinPoint 49341 2020 Mapleton 5",2020,5,"Mapleton"
"68","2640-97578",49322,2019-07-15,2019-07-16,54,"Valid","7/8","19/07/16",13:00:11,"19/07/16",59:54:00,-17.022,40.02785,-105.26389,1616.11,1.9,2.5,0,NA,"PinPoint 49322 2019 Folsom 6",2019,6,"Folsom"
"69","2640-97578",49322,2019-07-15,2019-07-16,56,"Valid","6/7","19/07/16",13:20:11,"19/07/16",19:54:00,-17.002,40.02807,-105.26406,1611.13,1.9,1.5,0,NA,"PinPoint 49322 2019 Folsom 6",2019,6,"Folsom"
"70","2640-97578",49322,2019-07-15,2019-07-16,57,"Valid","8/8","19/07/16",13:30:11,"19/07/16",29:53:00,-17.093,40.0281,-105.26447,1606.4,1.5,1.1,0,NA,"PinPoint 49322 2019 Folsom 6",2019,6,"Folsom"
"71","2640-97578",49322,2019-07-15,2019-07-16,58,"Valid","9/9","19/07/16",13:40:11,"19/07/16",39:53:00,-17.123,40.02796,-105.26387,1604.68,1.2,1.8,0,NA,"PinPoint 49322 2019 Folsom 6",2019,6,"Folsom"
"72","2640-97578",49322,2019-07-15,2019-07-16,60,"Valid","7/7","19/07/16",14:00:05,"19/07/16",59:47:00,-17.185,40.02837,-105.26521,1623.64,1.3,0.7,0,NA,"PinPoint 49322 2019 Folsom 6",2019,6,"Folsom"
"73","2640-97578",49322,2019-07-15,2019-07-16,62,"Valid","8/8","19/07/16",14:20:10,"19/07/16",19:52:00,-17.806,40.02968,-105.26627,1623.48,1.8,1.2,0,NA,"PinPoint 49322 2019 Folsom 6",2019,6,"Folsom"
"74","2640-97578",49322,2019-07-15,2019-07-16,63,"Valid","8/9","19/07/16",14:30:10,"19/07/16",29:52:00,-17.195,40.02899,-105.26804,1667.99,1.2,1.6,0,NA,"PinPoint 49322 2019 Folsom 6",2019,6,"Folsom"
"75","2640-97578",49322,2019-07-15,2019-07-16,65,"Valid","8/8","19/07/16",14:50:11,"19/07/16",49:53:00,-17.302,40.03193,-105.26414,1631.02,1.1,1.1,0,NA,"PinPoint 49322 2019 Folsom 6",2019,6,"Folsom"
"76","2640-97578",49322,2019-07-15,2019-07-16,66,"Valid","7/9","19/07/16",15:00:14,"19/07/16",59:56:00,-17.348,40.03092,-105.26764,1646.36,3,1.2,0,NA,"PinPoint 49322 2019 Folsom 6",2019,6,"Folsom"
"77","2640-97559",49335,2019-07-02,2019-07-03,41,"Valid","7/8","19/07/03",13:00:09,"19/07/03",59:59:00,-9.215,40.02803,-105.26338,1608.96,1.1,1,0,NA,"PinPoint 49335 2019 Folsom 9",2019,9,"Folsom"
"78","2640-97559",49335,2019-07-02,2019-07-03,42,"Valid","4/5","19/07/03",13:10:08,"19/07/03",09:58:00,-9.17,40.02812,-105.26493,1608.96,3.6,0.4,0,NA,"PinPoint 49335 2019 Folsom 9",2019,9,"Folsom"
"79","2640-97559",49335,2019-07-02,2019-07-03,43,"Valid","8/9","19/07/03",13:20:11,"19/07/03",20:01:00,-9.199,40.0279,-105.26375,1606.69,1.1,1.1,0,NA,"PinPoint 49335 2019 Folsom 9",2019,9,"Folsom"
"80","2640-97559",49335,2019-07-02,2019-07-03,45,"Valid","8/9","19/07/03",13:40:05,"19/07/03",39:55:00,-9.25,40.03854,-105.25291,1610.52,1.8,1,0,NA,"PinPoint 49335 2019 Folsom 9",2019,9,"Folsom"
"81","2640-97559",49335,2019-07-02,2019-07-03,46,"Valid","6/7","19/07/03",13:50:11,"19/07/03",50:01:00,-9.399,40.02754,-105.26715,1615.69,2,1.3,0,NA,"PinPoint 49335 2019 Folsom 9",2019,9,"Folsom"
"82","2640-97559",49335,2019-07-02,2019-07-03,47,"Valid","7/9","19/07/03",14:00:11,"19/07/03",00:01:00,-9.344,40.02965,-105.26502,1646.62,1.2,6.3,0,NA,"PinPoint 49335 2019 Folsom 9",2019,9,"Folsom"
"83","2640-97559",49335,2019-07-02,2019-07-03,48,"Valid","8/9","19/07/03",14:10:11,"19/07/03",10:01:00,-9.389,40.02829,-105.26544,1623.59,1.3,1.1,0,NA,"PinPoint 49335 2019 Folsom 9",2019,9,"Folsom"
"84","2640-97559",49335,2019-07-02,2019-07-03,49,"Valid","8/9","19/07/03",14:20:10,"19/07/03",20:00:00,-9.336,40.03178,-105.25882,1609.87,1.2,1.4,0,NA,"PinPoint 49335 2019 Folsom 9",2019,9,"Folsom"
"85","2640-97559",49335,2019-07-02,2019-07-03,50,"Valid","9/9","19/07/03",14:30:05,"19/07/03",29:55:00,-9.333,40.02835,-105.2639,1609.68,1.1,3.4,0,NA,"PinPoint 49335 2019 Folsom 9",2019,9,"Folsom"
"86","2640-97559",49335,2019-07-02,2019-07-03,51,"Valid","8/9","19/07/03",14:40:04,"19/07/03",39:54:00,-9.364,40.02805,-105.26339,1611.99,1.3,3.7,0,NA,"PinPoint 49335 2019 Folsom 9",2019,9,"Folsom"
"87","2640-97559",49335,2019-07-02,2019-07-03,53,"Valid","9/9","19/07/03",15:00:10,"19/07/03",00:00:00,-10.008,40.02781,-105.26682,1617.75,1.1,2.6,0,NA,"PinPoint 49335 2019 Folsom 9",2019,9,"Folsom"
"88","2640-97579",49330,2019-07-15,2019-07-16,54,"Valid","9/9","19/07/16",13:00:11,"19/07/16",59:53:00,-17.901,40.02778,-105.26278,1599.42,0.9,1.9,0,NA,"PinPoint 49330 2019 Folsom 22",2019,22,"Folsom"
"89","2640-97579",49330,2019-07-15,2019-07-16,55,"Valid","9/9","19/07/16",13:10:11,"19/07/16",09:53:00,-17.928,40.02786,-105.2631,1599.14,1.2,3.4,0,NA,"PinPoint 49330 2019 Folsom 22",2019,22,"Folsom"
"90","2640-97579",49330,2019-07-15,2019-07-16,56,"Valid","7/7","19/07/16",13:20:11,"19/07/16",19:53:00,-17.962,40.0278,-105.2628,1598.24,1.6,1.2,0,NA,"PinPoint 49330 2019 Folsom 22",2019,22,"Folsom"
"91","2640-97579",49330,2019-07-15,2019-07-16,57,"Valid","9/9","19/07/16",13:30:11,"19/07/16",29:53:00,-17.995,40.0279,-105.26599,1623.17,1.1,2,0,NA,"PinPoint 49330 2019 Folsom 22",2019,22,"Folsom"
"92","2640-97579",49330,2019-07-15,2019-07-16,58,"Valid","9/9","19/07/16",13:40:05,"19/07/16",39:47:00,-18.012,40.02652,-105.26223,1602.13,1.2,1.9,0,NA,"PinPoint 49330 2019 Folsom 22",2019,22,"Folsom"
"93","2640-97579",49330,2019-07-15,2019-07-16,59,"Valid","8/8","19/07/16",13:50:07,"19/07/16",49:49:00,-18.044,40.03187,-105.26362,1639.62,1.2,1.3,0,NA,"PinPoint 49330 2019 Folsom 22",2019,22,"Folsom"
"94","2640-97579",49330,2019-07-15,2019-07-16,60,"Valid","9/9","19/07/16",14:00:08,"19/07/16",59:49:00,-18.079,40.0256,-105.26242,1636.03,1.3,1.4,0,NA,"PinPoint 49330 2019 Folsom 22",2019,22,"Folsom"
"95","2640-97579",49330,2019-07-15,2019-07-16,61,"Valid","9/9","19/07/16",14:10:11,"19/07/16",09:52:00,-18.191,40.02802,-105.26144,1608.21,1.2,1.5,0,NA,"PinPoint 49330 2019 Folsom 22",2019,22,"Folsom"
"96","2640-97579",49330,2019-07-15,2019-07-16,62,"Valid","9/9","19/07/16",14:20:08,"19/07/16",19:49:00,-18.132,40.0314,-105.26371,1629.53,1.1,1.4,0,NA,"PinPoint 49330 2019 Folsom 22",2019,22,"Folsom"
"97","2640-97579",49330,2019-07-15,2019-07-16,63,"Valid","8/8","19/07/16",14:30:11,"19/07/16",29:52:00,-18.798,40.02814,-105.26212,1614.93,1.2,0.8,0,NA,"PinPoint 49330 2019 Folsom 22",2019,22,"Folsom"
"98","2640-97579",49330,2019-07-15,2019-07-16,64,"Valid","7/9","19/07/16",14:40:05,"19/07/16",39:47:00,-18.01,40.03136,-105.26378,1601.29,4.7,3.2,0,NA,"PinPoint 49330 2019 Folsom 22",2019,22,"Folsom"
"99","2640-97579",49330,2019-07-15,2019-07-16,65,"Valid","9/9","19/07/16",14:50:11,"19/07/16",49:52:00,-18.188,40.02728,-105.26143,1623.47,0.9,4.6,0,NA,"PinPoint 49330 2019 Folsom 22",2019,22,"Folsom"
"100","2640-97579",49330,2019-07-15,2019-07-16,66,"Valid","8/9","19/07/16",15:00:10,"19/07/16",59:51:00,-18.809,40.03169,-105.26382,1635.43,2.7,4.2,0,NA,"PinPoint 49330 2019 Folsom 22",2019,22,"Folsom"
"101","2350-21095",49318,2019-07-07,2019-07-08,42,"Valid","9/9","19/07/08",13:10:04,"19/07/08",09:36:00,-27.283,40.11224,-105.2656,1655.44,1,3,0,NA,"PinPoint 49318 2019 Grizz 136",2019,136,"Grizz"
"102","2350-21095",49318,2019-07-07,2019-07-08,43,"Valid","7/8","19/07/08",13:20:11,"19/07/08",19:43:00,-27.398,40.12293,-105.26184,1638.54,1.8,0.9,0,NA,"PinPoint 49318 2019 Grizz 136",2019,136,"Grizz"
"103","2350-21095",49318,2019-07-07,2019-07-08,44,"Valid","9/9","19/07/08",13:30:05,"19/07/08",29:37:00,-27.336,40.12334,-105.2613,1648.7,1.1,1,0,NA,"PinPoint 49318 2019 Grizz 136",2019,136,"Grizz"
"104","2350-21095",49318,2019-07-07,2019-07-08,45,"Valid","8/9","19/07/08",13:40:09,"19/07/08",39:41:00,-27.353,40.12392,-105.264,1647.41,1.8,1.3,0,NA,"PinPoint 49318 2019 Grizz 136",2019,136,"Grizz"
"105","2350-21095",49318,2019-07-07,2019-07-08,46,"Valid","8/9","19/07/08",13:50:05,"19/07/08",49:37:00,-27.381,40.12199,-105.26153,1644.75,1.5,0.9,0,NA,"PinPoint 49318 2019 Grizz 136",2019,136,"Grizz"
"106","2350-21095",49318,2019-07-07,2019-07-08,47,"Valid","6/7","19/07/08",14:00:06,"19/07/08",59:38:00,-27.401,40.12271,-105.26211,1645.01,2.4,3.8,0,NA,"PinPoint 49318 2019 Grizz 136",2019,136,"Grizz"
"107","2350-21095",49318,2019-07-07,2019-07-08,48,"Valid","9/9","19/07/08",14:10:04,"19/07/08",09:36:00,-27.423,40.12358,-105.26123,1640.16,1.2,0.9,0,NA,"PinPoint 49318 2019 Grizz 136",2019,136,"Grizz"
"108","2350-21095",49318,2019-07-07,2019-07-08,49,"Valid","7/8","19/07/08",14:20:08,"19/07/08",19:40:00,-27.446,40.13199,-105.2637,1662.32,1.5,0.7,0,NA,"PinPoint 49318 2019 Grizz 136",2019,136,"Grizz"
"109","2350-21095",49318,2019-07-07,2019-07-08,50,"Valid","6/7","19/07/08",14:30:11,"19/07/08",29:43:00,-27.395,40.12215,-105.2615,1649.53,1.6,1,0,NA,"PinPoint 49318 2019 Grizz 136",2019,136,"Grizz"
"110","2350-21095",49318,2019-07-07,2019-07-08,51,"Valid","9/9","19/07/08",14:40:04,"19/07/08",39:36:00,-27.486,40.11969,-105.26119,1676.55,1.1,0.6,0,NA,"PinPoint 49318 2019 Grizz 136",2019,136,"Grizz"
"111","2350-21095",49318,2019-07-07,2019-07-08,52,"Valid","9/9","19/07/08",14:50:09,"19/07/08",49:41:00,-27.509,40.12119,-105.25521,1643.91,1.1,1.2,0,NA,"PinPoint 49318 2019 Grizz 136",2019,136,"Grizz"
"112","2350-21095",49318,2019-07-07,2019-07-08,53,"Valid","6/6","19/07/08",15:00:04,"19/07/08",59:36:00,-27.462,40.12167,-105.25955,1681.09,3.9,2.1,0,NA,"PinPoint 49318 2019 Grizz 136",2019,136,"Grizz"
"113","2640-97378",49338,2020-06-25,2020-06-26,54,"Valid","9/9","20/06/26",13:00:05,"20/06/26",59:47:00,-18.003,40.03698,-105.15767,1545.41,1,1.8,0,NA,"PinPoint 49338 2020 Hoops 25",2020,25,"Hoops"
"114","2640-97378",49338,2020-06-25,2020-06-26,55,"Valid","8/8","20/06/26",13:10:11,"20/06/26",09:52:00,-18.602,40.03591,-105.15722,1549.5,1,1.1,0,NA,"PinPoint 49338 2020 Hoops 25",2020,25,"Hoops"
"115","2640-97378",49338,2020-06-25,2020-06-26,56,"Valid","8/8","20/06/26",13:20:05,"20/06/26",19:46:00,-18.058,40.03592,-105.15718,1549.95,1.6,0.7,0,NA,"PinPoint 49338 2020 Hoops 25",2020,25,"Hoops"
"116","2640-97378",49338,2020-06-25,2020-06-26,57,"Valid","9/9","20/06/26",13:30:05,"20/06/26",29:46:00,-18.08,40.03598,-105.15715,1548.34,1,1.1,0,NA,"PinPoint 49338 2020 Hoops 25",2020,25,"Hoops"
"117","2640-97378",49338,2020-06-25,2020-06-26,58,"Valid","6/6","20/06/26",13:40:05,"20/06/26",39:46:00,-18.062,40.03592,-105.15721,1548.07,2,0.2,0,NA,"PinPoint 49338 2020 Hoops 25",2020,25,"Hoops"
"118","2640-97378",49338,2020-06-25,2020-06-26,59,"Valid","8/8","20/06/26",13:50:09,"20/06/26",49:50:00,-18.123,40.03771,-105.15841,1546.72,1.6,0.7,0,NA,"PinPoint 49338 2020 Hoops 25",2020,25,"Hoops"
"119","2640-97378",49338,2020-06-25,2020-06-26,60,"Valid","8/8","20/06/26",14:00:07,"20/06/26",59:48:00,-18.147,40.03475,-105.1576,1550,1.4,0.8,0,NA,"PinPoint 49338 2020 Hoops 25",2020,25,"Hoops"
"120","2640-97378",49338,2020-06-25,2020-06-26,61,"Valid","8/8","20/06/26",14:10:06,"20/06/26",09:47:00,-18.173,40.03509,-105.15764,1549.62,1.2,1.2,0,NA,"PinPoint 49338 2020 Hoops 25",2020,25,"Hoops"
"121","2640-97378",49338,2020-06-25,2020-06-26,62,"Valid","9/9","20/06/26",14:20:06,"20/06/26",19:47:00,-18.151,40.03259,-105.15908,1542.18,1.1,1.2,0,NA,"PinPoint 49338 2020 Hoops 25",2020,25,"Hoops"
"122","2640-97378",49338,2020-06-25,2020-06-26,63,"Valid","7/7","20/06/26",14:30:08,"20/06/26",29:49:00,-18.18,40.03588,-105.15719,1553.11,1.3,0.7,0,NA,"PinPoint 49338 2020 Hoops 25",2020,25,"Hoops"
"123","2640-97378",49338,2020-06-25,2020-06-26,64,"Valid","9/9","20/06/26",14:40:04,"20/06/26",39:45:00,-18.205,40.03586,-105.15744,1549.1,1,1.3,0,NA,"PinPoint 49338 2020 Hoops 25",2020,25,"Hoops"
"124","2640-97378",49338,2020-06-25,2020-06-26,65,"Valid","8/8","20/06/26",14:50:09,"20/06/26",49:50:00,-18.221,40.03563,-105.15728,1550.79,1.2,1.1,0,NA,"PinPoint 49338 2020 Hoops 25",2020,25,"Hoops"
"125","2640-97378",49338,2020-06-25,2020-06-26,66,"Valid","9/9","20/06/26",15:00:11,"20/06/26",59:52:00,-18.805,40.03588,-105.15715,1552.51,1.1,1.5,0,NA,"PinPoint 49338 2020 Hoops 25",2020,25,"Hoops"
"126","2640-97366",49327,2020-06-16,2020-06-17,NA,NA,NA,NA,NA,NA,NA,NA,NA,NA,NA,NA,NA,NA,NA,NA,NA,NA,NA
"127","2640-97337",49332,2019-06-25,2019-06-26,54,"Valid","7/9","19/06/26",13:00:07,"19/06/26",59:52:00,-14.364,40.09736,-105.24457,1602.25,1.6,0.6,0,NA,"PinPoint 49332 2019 Schaaps 110",2019,110,"Schaaps"
"128","2640-97337",49332,2019-06-25,2019-06-26,55,"Valid","8/9","19/06/26",13:10:11,"19/06/26",09:56:00,-14.377,40.09705,-105.2484,1597.1,1.1,2.6,0,NA,"PinPoint 49332 2019 Schaaps 110",2019,110,"Schaaps"
"129","2640-97337",49332,2019-06-25,2019-06-26,56,"Valid","7/8","19/06/26",13:20:05,"19/06/26",19:50:00,-14.376,40.10128,-105.24747,1597.19,1.3,1,0,NA,"PinPoint 49332 2019 Schaaps 110",2019,110,"Schaaps"
"130","2640-97337",49332,2019-06-25,2019-06-26,57,"Valid","6/7","19/06/26",13:30:07,"19/06/26",29:52:00,-14.397,40.10122,-105.24722,1615.27,2.3,2.9,0,NA,"PinPoint 49332 2019 Schaaps 110",2019,110,"Schaaps"
"131","2640-97337",49332,2019-06-25,2019-06-26,58,"Valid","6/7","19/06/26",13:40:11,"19/06/26",39:56:00,-14.402,40.09768,-105.24698,1614.37,1.2,1.1,0,NA,"PinPoint 49332 2019 Schaaps 110",2019,110,"Schaaps"
"132","2640-97337",49332,2019-06-25,2019-06-26,59,"Valid","5/5","19/06/26",13:50:11,"19/06/26",49:56:00,-14.392,40.10133,-105.24718,1614.1,4.6,0.5,0,NA,"PinPoint 49332 2019 Schaaps 110",2019,110,"Schaaps"
"133","2640-97337",49332,2019-06-25,2019-06-26,60,"Valid","3/3","19/06/26",14:00:11,"19/06/26",59:56:00,-14.46,40.10118,-105.24689,1614.1,4.9,0,0,NA,"PinPoint 49332 2019 Schaaps 110",2019,110,"Schaaps"
"134","2640-97337",49332,2019-06-25,2019-06-26,61,"Valid","9/9","19/06/26",14:10:10,"19/06/26",09:55:00,-14.5,40.09852,-105.24386,1590.84,0.9,1.4,0,NA,"PinPoint 49332 2019 Schaaps 110",2019,110,"Schaaps"
"135","2640-97337",49332,2019-06-25,2019-06-26,62,"Valid","8/8","19/06/26",14:20:06,"19/06/26",19:51:00,-14.52,40.09864,-105.2488,1604.27,1.8,0.8,0,NA,"PinPoint 49332 2019 Schaaps 110",2019,110,"Schaaps"
"136","2640-97337",49332,2019-06-25,2019-06-26,64,"Valid","8/8","19/06/26",14:40:07,"19/06/26",39:52:00,-14.558,40.09554,-105.24457,1602.7,1.7,0.6,0,NA,"PinPoint 49332 2019 Schaaps 110",2019,110,"Schaaps"
"137","2640-97337",49332,2019-06-25,2019-06-26,65,"Valid","7/8","19/06/26",14:50:05,"19/06/26",49:50:00,-14.612,40.10123,-105.24745,1619.73,1.4,2.4,0,NA,"PinPoint 49332 2019 Schaaps 110",2019,110,"Schaaps"
"138","2640-97337",49332,2019-06-25,2019-06-26,66,"Valid","7/9","19/06/26",15:00:12,"19/06/26",59:56:00,-15.202,40.09278,-105.24541,1588.26,1.5,1,0,NA,"PinPoint 49332 2019 Schaaps 110",2019,110,"Schaaps"
"139","2640-97500",49331,2019-06-28,2019-06-29,54,"Valid","7/8","19/06/29",13:00:06,"19/06/29",59:53:00,-12.063,40.0993,-105.24586,1609.77,1.2,0.7,0,NA,"PinPoint 49331 2019 Schaaps 114",2019,114,"Schaaps"
"140","2640-97500",49331,2019-06-28,2019-06-29,55,"Valid","8/9","19/06/29",13:10:04,"19/06/29",09:51:00,-12.101,40.10206,-105.2471,1610.64,1.3,1.1,0,NA,"PinPoint 49331 2019 Schaaps 114",2019,114,"Schaaps"
"141","2640-97500",49331,2019-06-28,2019-06-29,56,"Valid","8/9","19/06/29",13:20:08,"19/06/29",19:55:00,-12.113,40.10093,-105.24748,1613.1,1.2,0.5,0,NA,"PinPoint 49331 2019 Schaaps 114",2019,114,"Schaaps"
"142","2640-97500",49331,2019-06-28,2019-06-29,57,"Valid","4/4","19/06/29",13:30:11,"19/06/29",29:58:00,-12.228,40.10099,-105.2472,1613.1,2.7,0.3,0,NA,"PinPoint 49331 2019 Schaaps 114",2019,114,"Schaaps"
"143","2640-97500",49331,2019-06-28,2019-06-29,58,"Valid","4/5","19/06/29",13:40:11,"19/06/29",39:58:00,-12.213,40.10138,-105.2472,1613.1,2.9,0.1,0,NA,"PinPoint 49331 2019 Schaaps 114",2019,114,"Schaaps"
"144","2640-97500",49331,2019-06-28,2019-06-29,59,"Valid","8/9","19/06/29",13:50:06,"19/06/29",49:53:00,-12.174,40.10253,-105.24784,1610.37,1,0.7,0,NA,"PinPoint 49331 2019 Schaaps 114",2019,114,"Schaaps"
"145","2640-97500",49331,2019-06-28,2019-06-29,60,"Valid","8/9","19/06/29",14:00:04,"19/06/29",59:51:00,-12.196,40.09879,-105.24538,1604.97,1.1,1.5,0,NA,"PinPoint 49331 2019 Schaaps 114",2019,114,"Schaaps"
"146","2640-97500",49331,2019-06-28,2019-06-29,61,"Valid","3/3","19/06/29",14:10:11,"19/06/29",09:58:00,-12.263,40.10146,-105.24721,1604.98,2.4,0,0,NA,"PinPoint 49331 2019 Schaaps 114",2019,114,"Schaaps"
"147","2640-97500",49331,2019-06-28,2019-06-29,62,"Valid","8/8","19/06/29",14:20:05,"19/06/29",19:52:00,-12.243,40.10236,-105.2465,1607.39,1.3,1.4,0,NA,"PinPoint 49331 2019 Schaaps 114",2019,114,"Schaaps"
"148","2640-97500",49331,2019-06-28,2019-06-29,64,"Valid","4/4","19/06/29",14:40:11,"19/06/29",39:58:00,-12.294,40.10139,-105.24722,1607.39,4.5,0.2,0,NA,"PinPoint 49331 2019 Schaaps 114",2019,114,"Schaaps"
"149","2640-97500",49331,2019-06-28,2019-06-29,65,"Valid","7/9","19/06/29",14:50:07,"19/06/29",49:54:00,-12.293,40.09304,-105.24229,1594.84,1.6,1.7,0,NA,"PinPoint 49331 2019 Schaaps 114",2019,114,"Schaaps"
"150","2640-97593",49329,2020-06-11,2020-06-12,72,"Valid","9/9","20/06/12",12:50:11,"20/06/12",49:53:00,-17.243,40.12788,-105.2073,1563.31,0.9,1.2,0,NA,"PinPoint 49329 2020 Struthers 20",2020,20,"Struthers"
"151","2640-97593",49329,2020-06-11,2020-06-12,73,"Valid","6/7","20/06/12",13:00:10,"20/06/12",59:52:00,-17.594,40.12946,-105.20523,1557.89,3.3,0.4,0,NA,"PinPoint 49329 2020 Struthers 20",2020,20,"Struthers"
"152","2640-97593",49329,2020-06-11,2020-06-12,74,"Valid","7/8","20/06/12",13:10:05,"20/06/12",09:47:00,-17.294,40.12974,-105.20488,1555.09,1.1,0.6,0,NA,"PinPoint 49329 2020 Struthers 20",2020,20,"Struthers"
"153","2640-97593",49329,2020-06-11,2020-06-12,75,"Valid","8/9","20/06/12",13:20:04,"20/06/12",19:46:00,-17.307,40.12622,-105.20818,1553.51,1.1,1,0,NA,"PinPoint 49329 2020 Struthers 20",2020,20,"Struthers"
"154","2640-97593",49329,2020-06-11,2020-06-12,76,"Valid","8/8","20/06/12",13:30:07,"20/06/12",29:49:00,-17.332,40.12918,-105.20864,1561,1.1,0.5,0,NA,"PinPoint 49329 2020 Struthers 20",2020,20,"Struthers"
"155","2640-97593",49329,2020-06-11,2020-06-12,77,"Valid","3/3","20/06/12",13:40:11,"20/06/12",39:53:00,-17.4,40.128,-105.20738,1561,2.2,0,0,NA,"PinPoint 49329 2020 Struthers 20",2020,20,"Struthers"
"156","2640-97593",49329,2020-06-11,2020-06-12,78,"Valid","8/8","20/06/12",13:50:09,"20/06/12",49:51:00,-17.369,40.13321,-105.20133,1548.31,1.2,0.6,0,NA,"PinPoint 49329 2020 Struthers 20",2020,20,"Struthers"
"157","2640-97593",49329,2020-06-11,2020-06-12,79,"Valid","9/9","20/06/12",14:00:11,"20/06/12",59:53:00,-17.387,40.13831,-105.20286,1548.63,1,0.5,0,NA,"PinPoint 49329 2020 Struthers 20",2020,20,"Struthers"
"158","2640-97593",49329,2020-06-11,2020-06-12,80,"Valid","6/6","20/06/12",14:10:05,"20/06/12",09:47:00,-17.451,40.12805,-105.20739,1549.36,2.1,0.3,0,NA,"PinPoint 49329 2020 Struthers 20",2020,20,"Struthers"
"159","2640-97593",49329,2020-06-11,2020-06-12,81,"Valid","6/8","20/06/12",14:20:07,"20/06/12",19:49:00,-17.439,40.12713,-105.20474,1554.21,1.4,0.7,0,NA,"PinPoint 49329 2020 Struthers 20",2020,20,"Struthers"
"160","2640-97593",49329,2020-06-11,2020-06-12,82,"Valid","9/9","20/06/12",14:30:11,"20/06/12",29:53:00,-17.459,40.12842,-105.20836,1561.09,1.1,1.4,0,NA,"PinPoint 49329 2020 Struthers 20",2020,20,"Struthers"
"161","2640-97593",49329,2020-06-11,2020-06-12,83,"Valid","8/8","20/06/12",14:40:04,"20/06/12",39:46:00,-17.476,40.12733,-105.21082,1564.62,1.2,0.4,0,NA,"PinPoint 49329 2020 Struthers 20",2020,20,"Struthers"
"162","2640-97593",49329,2020-06-11,2020-06-12,84,"Valid","8/9","20/06/12",14:50:04,"20/06/12",49:46:00,-17.547,40.12804,-105.20735,1552.87,1.2,1.8,0,NA,"PinPoint 49329 2020 Struthers 20",2020,20,"Struthers"
"163","2640-97593",49329,2020-06-11,2020-06-12,85,"Valid","8/8","20/06/12",15:00:04,"20/06/12",59:46:00,-17.561,40.12806,-105.20735,1556.17,1.2,1.3,0,NA,"PinPoint 49329 2020 Struthers 20",2020,20,"Struthers"
"164","2510-63486",49324,2019-06-18,2019-06-19,54,"Valid","7/7","19/06/19",13:00:10,"19/06/19",59:55:00,-14.179,40.03575,-105.17043,1549.84,1.3,2,0,NA,"PinPoint 49324 2019 VanLoon 27",2019,27,"VanLoon"
"165","2510-63486",49324,2019-06-18,2019-06-19,55,"Valid","4/4","19/06/19",13:10:11,"19/06/19",09:56:00,-14.163,40.03581,-105.17042,1549.84,4.2,0.4,0,NA,"PinPoint 49324 2019 VanLoon 27",2019,27,"VanLoon"
"166","2510-63486",49324,2019-06-18,2019-06-19,56,"Valid","4/5","19/06/19",13:20:11,"19/06/19",19:56:00,-14.181,40.03579,-105.17037,1549.84,1.5,0.1,0,NA,"PinPoint 49324 2019 VanLoon 27",2019,27,"VanLoon"
"167","2510-63486",49324,2019-06-18,2019-06-19,57,"Valid","7/9","19/06/19",13:30:11,"19/06/19",29:56:00,-14.241,40.03639,-105.17032,1544.17,1.2,0.6,0,NA,"PinPoint 49324 2019 VanLoon 27",2019,27,"VanLoon"
"168","2510-63486",49324,2019-06-18,2019-06-19,59,"Valid","8/9","19/06/19",13:50:09,"19/06/19",49:54:00,-14.285,40.03573,-105.17043,1560.91,1.1,3.4,0,NA,"PinPoint 49324 2019 VanLoon 27",2019,27,"VanLoon"
"169","2510-63486",49324,2019-06-18,2019-06-19,60,"Valid","8/9","19/06/19",14:00:07,"19/06/19",59:52:00,-14.31,40.03586,-105.16969,1543.12,1.2,0.7,0,NA,"PinPoint 49324 2019 VanLoon 27",2019,27,"VanLoon"
"170","2510-63486",49324,2019-06-18,2019-06-19,61,"Valid","5/6","19/06/19",14:10:09,"19/06/19",09:54:00,-14.299,40.03567,-105.17123,1543.69,1.9,1,0,NA,"PinPoint 49324 2019 VanLoon 27",2019,27,"VanLoon"
"171","2510-63486",49324,2019-06-18,2019-06-19,62,"Valid","7/8","19/06/19",14:20:11,"19/06/19",19:56:00,-14.402,40.0395,-105.17615,1541.33,1,1.3,0,NA,"PinPoint 49324 2019 VanLoon 27",2019,27,"VanLoon"
"172","2510-63486",49324,2019-06-18,2019-06-19,63,"Valid","5/6","19/06/19",14:30:10,"19/06/19",29:55:00,-14.325,40.03565,-105.17026,1541.31,3.2,0.4,0,NA,"PinPoint 49324 2019 VanLoon 27",2019,27,"VanLoon"
"173","2510-63486",49324,2019-06-18,2019-06-19,64,"Valid","6/6","19/06/19",14:40:11,"19/06/19",39:56:00,-14.395,40.03569,-105.17427,1544.6,2.5,0.8,0,NA,"PinPoint 49324 2019 VanLoon 27",2019,27,"VanLoon"
"174","2510-63486",49324,2019-06-18,2019-06-19,65,"Valid","8/9","19/06/19",14:50:04,"19/06/19",49:49:00,-14.438,40.03565,-105.17071,1550.29,1.3,2,0,NA,"PinPoint 49324 2019 VanLoon 27",2019,27,"VanLoon"
"175","2510-63484",49336,2020-06-15,2020-06-16,67,"Valid","8/9","20/06/16",13:00:11,"20/06/16",59:49:00,-21.999,40.03951,-105.17349,1546.82,1.2,0.7,0,NA,"PinPoint 49336 2020 VanLoon 29",2020,29,"VanLoon"
"176","2510-63484",49336,2020-06-15,2020-06-16,68,"Valid","6/6","20/06/16",13:10:11,"20/06/16",09:48:00,-22.59,40.03577,-105.1703,1539.24,2.7,2.8,0,NA,"PinPoint 49336 2020 VanLoon 29",2020,29,"VanLoon"
"177","2510-63484",49336,2020-06-15,2020-06-16,69,"Valid","9/9","20/06/16",13:20:11,"20/06/16",19:49:00,-22.024,40.03618,-105.17067,1564.25,0.9,3.1,0,NA,"PinPoint 49336 2020 VanLoon 29",2020,29,"VanLoon"
"178","2510-63484",49336,2020-06-15,2020-06-16,70,"Valid","8/9","20/06/16",13:30:11,"20/06/16",29:49:00,-22.029,40.03592,-105.1695,1546.39,1.1,0.9,0,NA,"PinPoint 49336 2020 VanLoon 29",2020,29,"VanLoon"
"179","2510-63484",49336,2020-06-15,2020-06-16,71,"Valid","5/5","20/06/16",13:40:11,"20/06/16",39:48:00,-22.066,40.03617,-105.16991,1546.1,2.8,0.5,0,NA,"PinPoint 49336 2020 VanLoon 29",2020,29,"VanLoon"
"180","2510-63484",49336,2020-06-15,2020-06-16,73,"Valid","6/6","20/06/16",14:00:06,"20/06/16",59:43:00,-22.118,40.0358,-105.17032,1545.26,1.5,0.5,0,NA,"PinPoint 49336 2020 VanLoon 29",2020,29,"VanLoon"
"181","2640-97580",49337,2019-07-17,2019-07-18,54,"Valid","7/7","19/07/18",13:00:10,"19/07/18",59:57:00,-12.883,40.03634,-105.17002,1546.55,1.9,0.6,0,NA,"PinPoint 49337 2019 VanLoon 43",2019,43,"VanLoon"
"182","2640-97580",49337,2019-07-17,2019-07-18,55,"Valid","9/9","19/07/18",13:10:08,"19/07/18",09:55:00,-12.91,40.03607,-105.171,1560.25,1,4.6,0,NA,"PinPoint 49337 2019 VanLoon 43",2019,43,"VanLoon"
"183","2640-97580",49337,2019-07-17,2019-07-18,56,"Valid","9/9","19/07/18",13:20:11,"19/07/18",19:58:00,-12.999,40.03596,-105.17187,1547.29,1.4,1.5,0,NA,"PinPoint 49337 2019 VanLoon 43",2019,43,"VanLoon"
"184","2640-97580",49337,2019-07-17,2019-07-18,57,"Valid","8/8","19/07/18",13:30:05,"19/07/18",29:52:00,-12.958,40.03376,-105.17086,1587.09,1.4,2.3,0,NA,"PinPoint 49337 2019 VanLoon 43",2019,43,"VanLoon"
"185","2640-97580",49337,2019-07-17,2019-07-18,58,"Valid","6/6","19/07/18",13:40:09,"19/07/18",39:56:00,-12.989,40.03619,-105.171,1563.65,2.2,1.2,0,NA,"PinPoint 49337 2019 VanLoon 43",2019,43,"VanLoon"
"186","2640-97580",49337,2019-07-17,2019-07-18,59,"Valid","9/9","19/07/18",13:50:06,"19/07/18",49:53:00,-13.01,40.03498,-105.17191,1558.77,1.1,1.1,0,NA,"PinPoint 49337 2019 VanLoon 43",2019,43,"VanLoon"
"187","2640-97580",49337,2019-07-17,2019-07-18,60,"Valid","7/7","19/07/18",14:00:09,"19/07/18",59:56:00,-13.026,40.03588,-105.17098,1551.2,1.8,3,0,NA,"PinPoint 49337 2019 VanLoon 43",2019,43,"VanLoon"
"188","2640-97580",49337,2019-07-17,2019-07-18,61,"Valid","9/9","19/07/18",14:10:04,"19/07/18",09:50:00,-13.055,40.03827,-105.17351,1545.01,1.2,1.4,0,NA,"PinPoint 49337 2019 VanLoon 43",2019,43,"VanLoon"
"189","2640-97580",49337,2019-07-17,2019-07-18,62,"Valid","7/7","19/07/18",14:20:05,"19/07/18",19:51:00,-13.083,40.02744,-105.18013,1573.76,1.3,0.9,0,NA,"PinPoint 49337 2019 VanLoon 43",2019,43,"VanLoon"
"190","2640-97580",49337,2019-07-17,2019-07-18,63,"Valid","9/9","19/07/18",14:30:04,"19/07/18",29:50:00,-13.108,40.0368,-105.17062,1550.16,1.2,0.5,0,NA,"PinPoint 49337 2019 VanLoon 43",2019,43,"VanLoon"
"191","2640-97580",49337,2019-07-17,2019-07-18,64,"Valid","9/9","19/07/18",14:40:05,"19/07/18",39:51:00,-13.129,40.0364,-105.17114,1552.49,1,1.6,0,NA,"PinPoint 49337 2019 VanLoon 43",2019,43,"VanLoon"
"192","2640-97580",49337,2019-07-17,2019-07-18,65,"Valid","7/7","19/07/18",14:50:05,"19/07/18",49:51:00,-13.15,40.03306,-105.17569,1582.67,3.5,0.3,0,NA,"PinPoint 49337 2019 VanLoon 43",2019,43,"VanLoon"
"193","2640-97580",49337,2019-07-17,2019-07-18,66,"Valid","8/9","19/07/18",15:00:11,"19/07/18",59:57:00,-13.79,40.0365,-105.17268,1547.46,1.7,1.2,0,NA,"PinPoint 49337 2019 VanLoon 43",2019,43,"VanLoon"
"194","2640-97592",49339,2020-06-11,2020-06-12,61,"Valid","8/8","20/06/11",13:20:07,"20/06/11",19:49:00,-17.909,40.13708,-105.20222,1553.96,1.2,0.8,0,NA,"PinPoint 49339 2020 BlueCloud 1",2020,1,"BlueCloud"
"195","2640-97592",49339,2020-06-11,2020-06-12,62,"Valid","9/9","20/06/11",13:30:11,"20/06/11",29:53:00,-17.997,40.13598,-105.21287,1566.37,1,1.4,0,NA,"PinPoint 49339 2020 BlueCloud 1",2020,1,"BlueCloud"
"196","2640-97592",49339,2020-06-11,2020-06-12,63,"Valid","3/3","20/06/11",13:40:11,"20/06/11",39:53:00,-18.03,40.13649,-105.2124,1566.37,4.2,0,0,NA,"PinPoint 49339 2020 BlueCloud 1",2020,1,"BlueCloud"
"197","2640-97592",49339,2020-06-11,2020-06-12,67,"Valid","7/8","20/06/11",14:20:09,"20/06/11",19:50:00,-18.057,40.13733,-105.20913,1559.08,1.3,1,0,NA,"PinPoint 49339 2020 BlueCloud 1",2020,1,"BlueCloud"
"198","2640-97592",49339,2020-06-11,2020-06-12,69,"Valid","8/9","20/06/11",14:40:08,"20/06/11",39:49:00,-18.108,40.12527,-105.21694,1569.55,1.6,1.1,0,NA,"PinPoint 49339 2020 BlueCloud 1",2020,1,"BlueCloud"
"199","2850-57444",49328,2020-06-18,2020-06-19,41,"Valid","9/9","20/06/18",13:00:11,"20/06/18",59:55:00,-15.525,40.13707,-105.21288,1564.83,0.9,0.7,0,NA,"PinPoint 49328 2020 BlueCloud 3",2020,3,"BlueCloud"
"200","2850-57444",49328,2020-06-18,2020-06-19,42,"Valid","9/9","20/06/18",13:10:11,"20/06/18",09:55:00,-15.547,40.1377,-105.21346,1565.04,0.9,0.9,0,NA,"PinPoint 49328 2020 BlueCloud 3",2020,3,"BlueCloud"
"201","2850-57444",49328,2020-06-18,2020-06-19,44,"Valid","9/9","20/06/18",13:30:09,"20/06/18",29:53:00,-15.59,40.1375,-105.21306,1565.79,1,1,0,NA,"PinPoint 49328 2020 BlueCloud 3",2020,3,"BlueCloud"
"202","2850-57444",49328,2020-06-18,2020-06-19,45,"Valid","7/7","20/06/18",13:40:11,"20/06/18",39:55:00,-15.593,40.13167,-105.2111,1568.84,1.1,0.4,0,NA,"PinPoint 49328 2020 BlueCloud 3",2020,3,"BlueCloud"
"203","2850-57444",49328,2020-06-18,2020-06-19,46,"Valid","9/9","20/06/18",13:50:11,"20/06/18",49:54:00,-16.191,40.13359,-105.21022,1563.32,0.9,0.8,0,NA,"PinPoint 49328 2020 BlueCloud 3",2020,3,"BlueCloud"
"204","2850-57444",49328,2020-06-18,2020-06-19,47,"Valid","7/7","20/06/18",14:00:11,"20/06/18",59:55:00,-15.597,40.13596,-105.21126,1565.29,1.5,0.3,0,NA,"PinPoint 49328 2020 BlueCloud 3",2020,3,"BlueCloud"
"205","2850-57444",49328,2020-06-18,2020-06-19,48,"Valid","8/8","20/06/18",14:10:04,"20/06/18",09:48:00,-15.648,40.13593,-105.21291,1581.24,1.4,2.1,0,NA,"PinPoint 49328 2020 BlueCloud 3",2020,3,"BlueCloud"
"206","2850-57444",49328,2020-06-18,2020-06-19,49,"Valid","6/6","20/06/18",14:20:04,"20/06/18",19:48:00,-15.708,40.13605,-105.21073,1573.5,2.8,0.6,0,NA,"PinPoint 49328 2020 BlueCloud 3",2020,3,"BlueCloud"
"207","2850-57444",49328,2020-06-18,2020-06-19,50,"Valid","8/8","20/06/18",14:30:06,"20/06/18",29:50:00,-15.715,40.13708,-105.21311,1571.53,1.3,0.5,0,NA,"PinPoint 49328 2020 BlueCloud 3",2020,3,"BlueCloud"
"208","2850-57444",49328,2020-06-18,2020-06-19,51,"Valid","7/7","20/06/18",14:40:11,"20/06/18",39:55:00,-15.997,40.13592,-105.21292,1593.3,1.3,2.4,0,NA,"PinPoint 49328 2020 BlueCloud 3",2020,3,"BlueCloud"
"209","2850-57444",49328,2020-06-18,2020-06-19,52,"Valid","8/8","20/06/18",14:50:11,"20/06/18",49:54:00,-16.4,40.13588,-105.21286,1576.48,1.2,1.8,0,NA,"PinPoint 49328 2020 BlueCloud 3",2020,3,"BlueCloud"
"210","2850-57444",49328,2020-06-18,2020-06-19,53,"Valid","9/9","20/06/18",15:00:11,"20/06/18",59:55:00,-15.982,40.13736,-105.2132,1577.02,1.4,2.6,0,NA,"PinPoint 49328 2020 BlueCloud 3",2020,3,"BlueCloud"
"211","2350-21087",49326,2019-06-29,2019-06-30,41,"Valid","7/8","19/06/29",13:00:11,"19/06/29",00:00:00,-10.597,40.13615,-105.21281,1572.19,1.8,2.3,0,NA,"PinPoint 49326 2019 BlueCloud 4",2019,4,"BlueCloud"
"212","2350-21087",49326,2019-06-29,2019-06-30,42,"Valid","8/8","19/06/29",13:10:08,"19/06/29",09:57:00,-10.092,40.13553,-105.21287,1577.91,1,0.4,0,NA,"PinPoint 49326 2019 BlueCloud 4",2019,4,"BlueCloud"
"213","2350-21087",49326,2019-06-29,2019-06-30,43,"Valid","8/9","19/06/29",13:20:04,"19/06/29",19:53:00,-10.071,40.13621,-105.21341,1581.87,1.1,1.3,0,NA,"PinPoint 49326 2019 BlueCloud 4",2019,4,"BlueCloud"
"214","2350-21087",49326,2019-06-29,2019-06-30,44,"Valid","9/9","19/06/29",13:30:04,"19/06/29",29:53:00,-10.088,40.1362,-105.21337,1580.16,1,2,0,NA,"PinPoint 49326 2019 BlueCloud 4",2019,4,"BlueCloud"
"215","2350-21087",49326,2019-06-29,2019-06-30,47,"Valid","8/9","19/06/29",14:00:05,"19/06/29",59:54:00,-10.184,40.13605,-105.20576,1567.06,1.3,1,0,NA,"PinPoint 49326 2019 BlueCloud 4",2019,4,"BlueCloud"
"216","2350-21087",49326,2019-06-29,2019-06-30,49,"Valid","8/9","19/06/29",14:20:04,"19/06/29",19:53:00,-10.185,40.13616,-105.21322,1581.85,1.2,1.2,0,NA,"PinPoint 49326 2019 BlueCloud 4",2019,4,"BlueCloud"
"217","2350-21087",49326,2019-06-29,2019-06-30,50,"Valid","8/9","19/06/29",14:30:11,"19/06/29",30:00:00,-10.203,40.13599,-105.21297,1577.9,1.4,1.9,0,NA,"PinPoint 49326 2019 BlueCloud 4",2019,4,"BlueCloud"
"218","2350-21087",49326,2019-06-29,2019-06-30,51,"Valid","8/9","19/06/29",14:40:06,"19/06/29",39:55:00,-10.26,40.13712,-105.20945,1564.1,1.1,1.6,0,NA,"PinPoint 49326 2019 BlueCloud 4",2019,4,"BlueCloud"
"219","2850-57445",49323,2019-06-28,2019-06-29,NA,NA,NA,NA,NA,NA,NA,NA,NA,NA,NA,NA,NA,NA,NA,NA,NA,NA,NA
"220","2850-57446",49325,2019-07-02,2019-07-03,41,"Valid","8/9","19/07/02",13:00:11,"19/07/02",59:55:00,-15.143,40.13504,-105.21204,1568.42,1,2,0,NA,"PinPoint 49325 2019 BlueCloud 10",2019,10,"BlueCloud"
"221","2850-57446",49325,2019-07-02,2019-07-03,43,"Valid","8/9","19/07/02",13:20:10,"19/07/02",19:54:00,-15.201,40.13704,-105.21181,1558.67,2.3,1.2,0,NA,"PinPoint 49325 2019 BlueCloud 10",2019,10,"BlueCloud"
"222","2850-57446",49325,2019-07-02,2019-07-03,44,"Valid","6/7","19/07/02",13:30:08,"19/07/02",29:52:00,-15.249,40.13584,-105.21256,1593.15,3.5,2.3,0,NA,"PinPoint 49325 2019 BlueCloud 10",2019,10,"BlueCloud"
"223","2850-57446",49325,2019-07-02,2019-07-03,45,"Valid","8/9","19/07/02",13:40:04,"19/07/02",39:48:00,-15.256,40.13693,-105.20929,1557.09,1.1,1.2,0,NA,"PinPoint 49325 2019 BlueCloud 10",2019,10,"BlueCloud"
"224","2850-57446",49325,2019-07-02,2019-07-03,46,"Valid","8/8","19/07/02",13:50:09,"19/07/02",49:53:00,-15.28,40.12933,-105.20984,1560.67,1,0.6,0,NA,"PinPoint 49325 2019 BlueCloud 10",2019,10,"BlueCloud"
"225","2850-57446",49325,2019-07-02,2019-07-03,48,"Valid","8/9","19/07/02",14:10:05,"19/07/02",09:49:00,-15.331,40.13269,-105.21027,1567.12,1.2,1.7,0,NA,"PinPoint 49325 2019 BlueCloud 10",2019,10,"BlueCloud"
"226","2850-57446",49325,2019-07-02,2019-07-03,49,"Valid","9/9","19/07/02",14:20:07,"19/07/02",19:51:00,-15.355,40.13346,-105.21151,1571.67,1.2,0.6,0,NA,"PinPoint 49325 2019 BlueCloud 10",2019,10,"BlueCloud"
"227","2850-57446",49325,2019-07-02,2019-07-03,50,"Valid","3/4","19/07/02",14:30:11,"19/07/02",29:55:00,-15.4,40.13547,-105.21232,1571.68,4.8,0,0,NA,"PinPoint 49325 2019 BlueCloud 10",2019,10,"BlueCloud"
"228","2850-57446",49325,2019-07-02,2019-07-03,51,"Valid","8/9","19/07/02",14:40:06,"19/07/02",39:50:00,-15.418,40.13312,-105.21085,1562.41,1.5,1.4,0,NA,"PinPoint 49325 2019 BlueCloud 10",2019,10,"BlueCloud"
"229","2850-57446",49325,2019-07-02,2019-07-03,52,"Valid","5/5","19/07/02",14:50:10,"19/07/02",49:54:00,-16,40.13582,-105.21212,1563.2,2.4,1.4,0,NA,"PinPoint 49325 2019 BlueCloud 10",2019,10,"BlueCloud"
"230","2850-57446",49325,2019-07-02,2019-07-03,53,"Valid","9/9","19/07/02",15:00:10,"19/07/02",59:54:00,-15.47,40.13561,-105.21211,1573.39,1,2.9,0,NA,"PinPoint 49325 2019 BlueCloud 10",2019,10,"BlueCloud"
"231","2640-97556",49321,2019-07-03,2019-07-04,43,"Valid","8/9","19/07/03",13:20:11,"19/07/03",19:57:00,-13.19,40.03003,-105.26697,1619.45,1.1,2.5,0,NA,"PinPoint 49321 2019 Folsom 1",2019,1,"Folsom"
"232","2640-97556",49321,2019-07-03,2019-07-04,44,"Valid","5/6","19/07/03",13:30:04,"19/07/03",29:51:00,-12.741,40.03333,-105.26941,1619.2,2.8,0.1,0,NA,"PinPoint 49321 2019 Folsom 1",2019,1,"Folsom"
"233","2640-97556",49321,2019-07-03,2019-07-04,45,"Valid","6/6","19/07/03",13:40:11,"19/07/03",39:57:00,-13.404,40.02792,-105.26304,1611.58,1.3,0.8,0,NA,"PinPoint 49321 2019 Folsom 1",2019,1,"Folsom"
"234","2640-97556",49321,2019-07-03,2019-07-04,47,"Valid","7/9","19/07/03",14:00:11,"19/07/03",59:58:00,-12.795,40.03084,-105.26676,1619.78,1.5,1.1,0,NA,"PinPoint 49321 2019 Folsom 1",2019,1,"Folsom"
"235","2640-97556",49321,2019-07-03,2019-07-04,48,"Valid","6/6","19/07/03",14:10:11,"19/07/03",09:58:00,-12.77,40.02787,-105.26295,1598.29,2.1,1.2,0,NA,"PinPoint 49321 2019 Folsom 1",2019,1,"Folsom"
"236","2640-97556",49321,2019-07-03,2019-07-04,49,"Valid","8/9","19/07/03",14:20:07,"19/07/03",19:54:00,-12.784,40.02771,-105.26275,1596.7,1.2,0.7,0,NA,"PinPoint 49321 2019 Folsom 1",2019,1,"Folsom"
"237","2640-97556",49321,2019-07-03,2019-07-04,51,"Valid","8/8","19/07/03",14:40:04,"19/07/03",39:51:00,-12.874,40.02109,-105.21378,1573.67,1.2,0.9,0,NA,"PinPoint 49321 2019 Folsom 1",2019,1,"Folsom"
"238","2640-97556",49321,2019-07-03,2019-07-04,52,"Valid","8/9","19/07/03",14:50:05,"19/07/03",49:52:00,-12.894,40.01806,-105.22177,1587.17,1.3,0.7,0,NA,"PinPoint 49321 2019 Folsom 1",2019,1,"Folsom"
"239","2640-97556",49321,2019-07-03,2019-07-04,53,"Valid","8/9","19/07/03",15:00:11,"19/07/03",59:57:00,-13.391,40.02244,-105.21826,1599.99,1.3,3.6,0,NA,"PinPoint 49321 2019 Folsom 1",2019,1,"Folsom"
"240","2640-97547",49334,2019-06-29,2019-06-30,42,"Valid","9/9","19/06/29",13:10:06,"19/06/29",09:52:00,-13.698,40.0299,-105.2641,1618.3,1.1,1.4,0,NA,"PinPoint 49334 2019 Mapleton 4",2019,4,"Mapleton"
"241","2640-97547",49334,2019-06-29,2019-06-30,43,"Valid","7/8","19/06/29",13:20:11,"19/06/29",19:57:00,-13.783,40.02772,-105.26198,1598.95,1.1,1.7,0,NA,"PinPoint 49334 2019 Mapleton 4",2019,4,"Mapleton"
"242","2640-97547",49334,2019-06-29,2019-06-30,44,"Valid","6/7","19/06/29",13:30:11,"19/06/29",29:57:00,-13.748,40.02761,-105.26147,1598.49,2.4,0.6,0,NA,"PinPoint 49334 2019 Mapleton 4",2019,4,"Mapleton"
"243","2640-97547",49334,2019-06-29,2019-06-30,45,"Valid","8/9","19/06/29",13:40:07,"19/06/29",39:53:00,-13.778,40.02831,-105.2616,1618.31,1.2,1.4,0,NA,"PinPoint 49334 2019 Mapleton 4",2019,4,"Mapleton"
"244","2640-97547",49334,2019-06-29,2019-06-30,46,"Valid","8/9","19/06/29",13:50:11,"19/06/29",49:56:00,-14.4,40.0246,-105.26324,1597.78,0.9,3.8,0,NA,"PinPoint 49334 2019 Mapleton 4",2019,4,"Mapleton"
"245","2640-97547",49334,2019-06-29,2019-06-30,47,"Valid","9/9","19/06/29",14:00:05,"19/06/29",59:51:00,-13.828,40.02429,-105.26352,1610.43,0.9,2.2,0,NA,"PinPoint 49334 2019 Mapleton 4",2019,4,"Mapleton"
"246","2640-97547",49334,2019-06-29,2019-06-30,48,"Valid","6/7","19/06/29",14:10:11,"19/06/29",09:57:00,-13.857,40.02774,-105.26209,1583.94,1.4,0.5,0,NA,"PinPoint 49334 2019 Mapleton 4",2019,4,"Mapleton"
"247","2640-97547",49334,2019-06-29,2019-06-30,49,"Valid","8/9","19/06/29",14:20:06,"19/06/29",19:52:00,-13.879,40.02755,-105.26185,1603.8,1.4,2,0,NA,"PinPoint 49334 2019 Mapleton 4",2019,4,"Mapleton"
"248","2640-97547",49334,2019-06-29,2019-06-30,50,"Valid","8/9","19/06/29",14:30:11,"19/06/29",29:57:00,-13.903,40.02754,-105.26226,1614.43,1.2,2.3,0,NA,"PinPoint 49334 2019 Mapleton 4",2019,4,"Mapleton"
"249","2640-97547",49334,2019-06-29,2019-06-30,51,"Valid","9/9","19/06/29",14:40:04,"19/06/29",39:50:00,-13.944,40.02747,-105.26209,1611.53,1.2,2.8,0,NA,"PinPoint 49334 2019 Mapleton 4",2019,4,"Mapleton"
"250","2640-97547",49334,2019-06-29,2019-06-30,52,"Valid","7/8","19/06/29",14:50:11,"19/06/29",49:57:00,-13.938,40.02775,-105.26193,1610.81,2.3,4.6,0,NA,"PinPoint 49334 2019 Mapleton 4",2019,4,"Mapleton"
"251","2640-97547",49334,2019-06-29,2019-06-30,53,"Valid","8/8","19/06/29",15:00:10,"19/06/29",59:56:00,-13.969,40.0279,-105.2617,1564.93,1.2,5,0,NA,"PinPoint 49334 2019 Mapleton 4",2019,4,"Mapleton"
"252","2640-97562",49341,2020-06-19,2020-06-20,43,"Valid","7/8","20/06/19",13:20:11,"20/06/19",19:58:00,-12.23,40.03623,-105.25854,1606.46,1.2,0.6,0,NA,"PinPoint 49341 2020 Mapleton 5",2020,5,"Mapleton"
"253","2640-97562",49341,2020-06-19,2020-06-20,44,"Valid","8/8","20/06/19",13:30:06,"20/06/19",29:53:00,-12.25,40.03912,-105.25335,1606.23,1,1,0,NA,"PinPoint 49341 2020 Mapleton 5",2020,5,"Mapleton"
"254","2640-97562",49341,2020-06-19,2020-06-20,46,"Valid","8/8","20/06/19",13:50:11,"20/06/19",49:58:00,-12.301,40.03925,-105.25364,1604.63,0.9,0.7,0,NA,"PinPoint 49341 2020 Mapleton 5",2020,5,"Mapleton"
"255","2640-97562",49341,2020-06-19,2020-06-20,47,"Valid","9/9","20/06/19",14:00:07,"20/06/19",59:54:00,-12.324,40.03921,-105.25335,1607.01,0.9,1.2,0,NA,"PinPoint 49341 2020 Mapleton 5",2020,5,"Mapleton"
"256","2640-97562",49341,2020-06-19,2020-06-20,48,"Valid","8/8","20/06/19",14:10:05,"20/06/19",09:52:00,-12.347,40.03212,-105.2586,1606.01,1,0.8,0,NA,"PinPoint 49341 2020 Mapleton 5",2020,5,"Mapleton"
"257","2640-97562",49341,2020-06-19,2020-06-20,50,"Valid","8/8","20/06/19",14:30:04,"20/06/19",29:51:00,-12.396,40.03595,-105.25841,1605.15,1.4,0.7,0,NA,"PinPoint 49341 2020 Mapleton 5",2020,5,"Mapleton"
"258","2640-97562",49341,2020-06-19,2020-06-20,51,"Valid","9/9","20/06/19",14:40:10,"20/06/19",39:57:00,-12.42,40.03663,-105.2581,1605.68,1.2,1.8,0,NA,"PinPoint 49341 2020 Mapleton 5",2020,5,"Mapleton"
"259","2640-97562",49341,2020-06-19,2020-06-20,52,"Valid","8/8","20/06/19",14:50:11,"20/06/19",49:58:00,-12.45,40.02967,-105.25821,1599.18,1.2,1.4,0,NA,"PinPoint 49341 2020 Mapleton 5",2020,5,"Mapleton"
"260","2640-97562",49341,2020-06-19,2020-06-20,53,"Valid","7/7","20/06/19",15:00:09,"20/06/19",59:56:00,-12.467,40.03036,-105.25855,1597.83,1.3,1.9,0,NA,"PinPoint 49341 2020 Mapleton 5",2020,5,"Mapleton"
"261","2640-97578",49322,2019-07-15,2019-07-16,42,"Valid","7/7","19/07/15",13:10:11,"19/07/15",09:57:00,-13.322,40.02801,-105.26382,1611.59,2.2,1.1,0,NA,"PinPoint 49322 2019 Folsom 6",2019,6,"Folsom"
"262","2640-97578",49322,2019-07-15,2019-07-16,43,"Valid","9/9","19/07/15",13:20:11,"19/07/15",19:57:00,-13.352,40.02802,-105.26399,1613.27,1.6,1.4,0,NA,"PinPoint 49322 2019 Folsom 6",2019,6,"Folsom"
"263","2640-97578",49322,2019-07-15,2019-07-16,44,"Valid","7/7","19/07/15",13:30:11,"19/07/15",29:57:00,-13.382,40.02795,-105.26398,1598.47,1.8,1.3,0,NA,"PinPoint 49322 2019 Folsom 6",2019,6,"Folsom"
"264","2640-97578",49322,2019-07-15,2019-07-16,45,"Valid","8/8","19/07/15",13:40:11,"19/07/15",39:57:00,-13.407,40.02802,-105.2641,1601.57,1.2,1.1,0,NA,"PinPoint 49322 2019 Folsom 6",2019,6,"Folsom"
"265","2640-97578",49322,2019-07-15,2019-07-16,46,"Valid","8/8","19/07/15",13:50:04,"19/07/15",49:50:00,-13.413,40.02787,-105.26334,1600.93,1.2,0.8,0,NA,"PinPoint 49322 2019 Folsom 6",2019,6,"Folsom"
"266","2640-97578",49322,2019-07-15,2019-07-16,47,"Valid","9/9","19/07/15",14:00:11,"19/07/15",59:57:00,-13.463,40.02798,-105.26398,1610.73,1.1,3.3,0,NA,"PinPoint 49322 2019 Folsom 6",2019,6,"Folsom"
"267","2640-97578",49322,2019-07-15,2019-07-16,48,"Valid","8/8","19/07/15",14:10:06,"19/07/15",09:52:00,-13.494,40.02791,-105.26325,1605.18,1.7,1.3,0,NA,"PinPoint 49322 2019 Folsom 6",2019,6,"Folsom"
"268","2640-97578",49322,2019-07-15,2019-07-16,49,"Valid","9/9","19/07/15",14:20:04,"19/07/15",19:50:00,-13.529,40.02793,-105.26335,1605.91,1,2.7,0,NA,"PinPoint 49322 2019 Folsom 6",2019,6,"Folsom"
"269","2640-97578",49322,2019-07-15,2019-07-16,50,"Valid","8/8","19/07/15",14:30:11,"19/07/15",29:57:00,-13.527,40.02804,-105.26391,1607.93,1.2,2.3,0,NA,"PinPoint 49322 2019 Folsom 6",2019,6,"Folsom"
"270","2640-97578",49322,2019-07-15,2019-07-16,52,"Valid","9/9","19/07/15",14:50:11,"19/07/15",49:57:00,-13.591,40.02789,-105.26341,1598.72,1.1,1.9,0,NA,"PinPoint 49322 2019 Folsom 6",2019,6,"Folsom"
"271","2640-97578",49322,2019-07-15,2019-07-16,53,"Valid","7/7","19/07/15",15:00:05,"19/07/15",59:51:00,-13.616,40.02961,-105.27002,1635.58,3.3,1.2,0,NA,"PinPoint 49322 2019 Folsom 6",2019,6,"Folsom"
"272","2640-97559",49335,2019-07-02,2019-07-03,29,"Valid","7/7","19/07/02",13:10:05,"19/07/02",09:58:00,-6.455,40.02805,-105.26334,1603.19,1.3,3.2,0,NA,"PinPoint 49335 2019 Folsom 9",2019,9,"Folsom"
"273","2640-97559",49335,2019-07-02,2019-07-03,31,"Valid","8/9","19/07/02",13:30:11,"19/07/02",30:04:00,-6.594,40.02817,-105.26389,1602.21,1,1,0,NA,"PinPoint 49335 2019 Folsom 9",2019,9,"Folsom"
"274","2640-97559",49335,2019-07-02,2019-07-03,32,"Valid","9/9","19/07/02",13:40:08,"19/07/02",40:01:00,-6.523,40.02779,-105.26669,1625.81,1,2.3,0,NA,"PinPoint 49335 2019 Folsom 9",2019,9,"Folsom"
"275","2640-97559",49335,2019-07-02,2019-07-03,33,"Valid","9/9","19/07/02",13:50:04,"19/07/02",49:57:00,-6.539,40.03117,-105.26649,1700.44,1.2,1.8,0,NA,"PinPoint 49335 2019 Folsom 9",2019,9,"Folsom"
"276","2640-97559",49335,2019-07-02,2019-07-03,34,"Valid","7/9","19/07/02",14:00:11,"19/07/02",00:04:00,-6.59,40.02817,-105.26443,1614.55,2.3,2,0,NA,"PinPoint 49335 2019 Folsom 9",2019,9,"Folsom"
"277","2640-97559",49335,2019-07-02,2019-07-03,35,"Valid","6/7","19/07/02",14:10:04,"19/07/02",09:57:00,-6.585,40.02931,-105.26944,1683.05,1.8,1.4,0,NA,"PinPoint 49335 2019 Folsom 9",2019,9,"Folsom"
"278","2640-97559",49335,2019-07-02,2019-07-03,36,"Valid","8/9","19/07/02",14:20:09,"19/07/02",20:02:00,-6.6,40.02783,-105.29514,1729.69,1.1,1.6,0,NA,"PinPoint 49335 2019 Folsom 9",2019,9,"Folsom"
"279","2640-97559",49335,2019-07-02,2019-07-03,37,"Valid","8/9","19/07/02",14:30:08,"19/07/02",30:01:00,-6.616,40.02811,-105.26627,1634.29,1.3,1.6,0,NA,"PinPoint 49335 2019 Folsom 9",2019,9,"Folsom"
"280","2640-97559",49335,2019-07-02,2019-07-03,38,"Valid","8/8","19/07/02",14:40:04,"19/07/02",39:57:00,-6.615,40.02803,-105.26332,1592.13,1.2,1.5,0,NA,"PinPoint 49335 2019 Folsom 9",2019,9,"Folsom"
"281","2640-97559",49335,2019-07-02,2019-07-03,39,"Valid","8/9","19/07/02",14:50:04,"19/07/02",49:57:00,-6.657,40.02607,-105.26809,1805.75,1.5,1.7,0,NA,"PinPoint 49335 2019 Folsom 9",2019,9,"Folsom"
"282","2640-97559",49335,2019-07-02,2019-07-03,40,"Valid","8/9","19/07/02",15:00:04,"19/07/02",59:57:00,-6.66,40.01947,-105.28488,1651.54,1.7,11.3,0,NA,"PinPoint 49335 2019 Folsom 9",2019,9,"Folsom"
"283","2640-97579",49330,2019-07-15,2019-07-16,41,"Valid","8/9","19/07/15",13:00:11,"19/07/15",59:57:00,-14.004,40.02831,-105.26424,1611.55,1.8,1,0,NA,"PinPoint 49330 2019 Folsom 22",2019,22,"Folsom"
"284","2640-97579",49330,2019-07-15,2019-07-16,43,"Valid","9/9","19/07/15",13:20:11,"19/07/15",19:56:00,-14.194,40.02781,-105.26617,1619.01,1.2,0.8,0,NA,"PinPoint 49330 2019 Folsom 22",2019,22,"Folsom"
"285","2640-97579",49330,2019-07-15,2019-07-16,45,"Valid","8/9","19/07/15",13:40:11,"19/07/15",39:56:00,-14.587,40.02867,-105.26176,1615.57,1.7,1.4,0,NA,"PinPoint 49330 2019 Folsom 22",2019,22,"Folsom"
"286","2640-97579",49330,2019-07-15,2019-07-16,46,"Valid","9/9","19/07/15",13:50:11,"19/07/15",49:56:00,-14.191,40.02848,-105.26269,1606.97,1.1,1.9,0,NA,"PinPoint 49330 2019 Folsom 22",2019,22,"Folsom"
"287","2640-97579",49330,2019-07-15,2019-07-16,47,"Valid","9/9","19/07/15",14:00:04,"19/07/15",59:49:00,-14.095,40.02762,-105.26539,1627.23,1.3,1,0,NA,"PinPoint 49330 2019 Folsom 22",2019,22,"Folsom"
"288","2640-97579",49330,2019-07-15,2019-07-16,48,"Valid","9/9","19/07/15",14:10:07,"19/07/15",09:52:00,-14.104,40.03234,-105.262,1669.04,1.1,6.2,0,NA,"PinPoint 49330 2019 Folsom 22",2019,22,"Folsom"
"289","2640-97579",49330,2019-07-15,2019-07-16,49,"Valid","7/7","19/07/15",14:20:04,"19/07/15",19:49:00,-14.116,40.02938,-105.2622,1606.07,1.4,1,0,NA,"PinPoint 49330 2019 Folsom 22",2019,22,"Folsom"
"290","2640-97579",49330,2019-07-15,2019-07-16,50,"Valid","9/9","19/07/15",14:30:11,"19/07/15",29:56:00,-14.181,40.0272,-105.26691,1652.03,1.1,3.7,0,NA,"PinPoint 49330 2019 Folsom 22",2019,22,"Folsom"
"291","2640-97579",49330,2019-07-15,2019-07-16,51,"Valid","7/9","19/07/15",14:40:07,"19/07/15",39:52:00,-14.205,40.02759,-105.2628,1634.54,1.8,2,0,NA,"PinPoint 49330 2019 Folsom 22",2019,22,"Folsom"
"292","2640-97579",49330,2019-07-15,2019-07-16,52,"Valid","9/9","19/07/15",14:50:07,"19/07/15",49:52:00,-14.231,40.02756,-105.26615,1635.66,1,1.9,0,NA,"PinPoint 49330 2019 Folsom 22",2019,22,"Folsom"
"293","2640-97579",49330,2019-07-15,2019-07-16,53,"Valid","8/9","19/07/15",15:00:11,"19/07/15",59:56:00,-14.412,40.02996,-105.26401,1644.94,2.1,2.6,0,NA,"PinPoint 49330 2019 Folsom 22",2019,22,"Folsom"
"294","2350-21095",49318,2019-07-07,2019-07-08,28,"Valid","8/9","19/07/07",13:00:08,"19/07/07",59:43:00,-24.197,40.12286,-105.26092,1654.18,1.1,0.5,0,NA,"PinPoint 49318 2019 Grizz 136",2019,136,"Grizz"
"295","2350-21095",49318,2019-07-07,2019-07-08,29,"Valid","9/9","19/07/07",13:10:05,"19/07/07",09:40:00,-24.216,40.12388,-105.26106,1654.23,1.5,0.8,0,NA,"PinPoint 49318 2019 Grizz 136",2019,136,"Grizz"
"296","2350-21095",49318,2019-07-07,2019-07-08,30,"Valid","8/9","19/07/07",13:20:06,"19/07/07",19:41:00,-24.242,40.12193,-105.26142,1652.52,1.1,1.1,0,NA,"PinPoint 49318 2019 Grizz 136",2019,136,"Grizz"
"297","2350-21095",49318,2019-07-07,2019-07-08,31,"Valid","8/9","19/07/07",13:30:04,"19/07/07",29:39:00,-24.268,40.12322,-105.25795,1656.97,1.1,1.3,0,NA,"PinPoint 49318 2019 Grizz 136",2019,136,"Grizz"
"298","2350-21095",49318,2019-07-07,2019-07-08,32,"Valid","3/3","19/07/07",13:40:11,"19/07/07",39:46:00,-24.4,40.12267,-105.26135,1656.98,4.6,0,0,NA,"PinPoint 49318 2019 Grizz 136",2019,136,"Grizz"
"299","2350-21095",49318,2019-07-07,2019-07-08,33,"Valid","8/9","19/07/07",13:50:09,"19/07/07",49:44:00,-24.314,40.12629,-105.25576,1679.88,1.2,0.8,0,NA,"PinPoint 49318 2019 Grizz 136",2019,136,"Grizz"
"300","2350-21095",49318,2019-07-07,2019-07-08,34,"Valid","7/8","19/07/07",14:00:04,"19/07/07",59:39:00,-24.345,40.12094,-105.256,1653.46,1.5,0.3,0,NA,"PinPoint 49318 2019 Grizz 136",2019,136,"Grizz"
"301","2350-21095",49318,2019-07-07,2019-07-08,35,"Valid","9/9","19/07/07",14:10:08,"19/07/07",09:43:00,-24.36,40.12888,-105.26353,1652.03,1,1,0,NA,"PinPoint 49318 2019 Grizz 136",2019,136,"Grizz"
"302","2350-21095",49318,2019-07-07,2019-07-08,36,"Valid","8/9","19/07/07",14:20:08,"19/07/07",19:43:00,-24.382,40.12367,-105.26346,1652.43,1.4,0.9,0,NA,"PinPoint 49318 2019 Grizz 136",2019,136,"Grizz"
"303","2350-21095",49318,2019-07-07,2019-07-08,37,"Valid","9/9","19/07/07",14:30:07,"19/07/07",29:42:00,-24.408,40.12266,-105.26224,1647.86,1.3,2.2,0,NA,"PinPoint 49318 2019 Grizz 136",2019,136,"Grizz"
"304","2350-21095",49318,2019-07-07,2019-07-08,38,"Valid","9/9","19/07/07",14:40:04,"19/07/07",39:39:00,-24.428,40.12204,-105.25498,1652.03,1.1,1.4,0,NA,"PinPoint 49318 2019 Grizz 136",2019,136,"Grizz"
"305","2350-21095",49318,2019-07-07,2019-07-08,39,"Valid","9/9","19/07/07",14:50:08,"19/07/07",49:43:00,-24.454,40.11889,-105.25977,1749.15,1.1,2,0,NA,"PinPoint 49318 2019 Grizz 136",2019,136,"Grizz"
"306","2350-21095",49318,2019-07-07,2019-07-08,40,"Valid","8/8","19/07/07",15:00:04,"19/07/07",59:39:00,-24.471,40.12266,-105.26209,1652.3,2.5,1.6,0,NA,"PinPoint 49318 2019 Grizz 136",2019,136,"Grizz"
"307","2640-97378",49338,2020-06-25,2020-06-26,41,"Valid","9/9","20/06/25",13:00:10,"20/06/25",59:54:00,-15.398,40.03597,-105.15719,1535.3,0.9,2.5,0,NA,"PinPoint 49338 2020 Hoops 25",2020,25,"Hoops"
"308","2640-97378",49338,2020-06-25,2020-06-26,42,"Valid","9/9","20/06/25",13:10:10,"20/06/25",09:54:00,-15.198,40.03219,-105.15945,1537.27,0.9,0.7,0,NA,"PinPoint 49338 2020 Hoops 25",2020,25,"Hoops"
"309","2640-97378",49338,2020-06-25,2020-06-26,43,"Valid","8/8","20/06/25",13:20:10,"20/06/25",19:54:00,-15.596,40.03593,-105.15719,1548.05,1,0.9,0,NA,"PinPoint 49338 2020 Hoops 25",2020,25,"Hoops"
"310","2640-97378",49338,2020-06-25,2020-06-26,44,"Valid","7/7","20/06/25",13:30:08,"20/06/25",29:53:00,-14.958,40.03554,-105.15739,1546.46,1,0.7,0,NA,"PinPoint 49338 2020 Hoops 25",2020,25,"Hoops"
"311","2640-97378",49338,2020-06-25,2020-06-26,45,"Valid","8/8","20/06/25",13:40:06,"20/06/25",39:51:00,-14.938,40.03438,-105.15827,1550.88,1.2,1.1,0,NA,"PinPoint 49338 2020 Hoops 25",2020,25,"Hoops"
"312","2640-97378",49338,2020-06-25,2020-06-26,46,"Valid","9/9","20/06/25",13:50:09,"20/06/25",49:54:00,-14.96,40.03232,-105.15862,1538.29,1.2,0.8,0,NA,"PinPoint 49338 2020 Hoops 25",2020,25,"Hoops"
"313","2640-97378",49338,2020-06-25,2020-06-26,47,"Valid","7/7","20/06/25",14:00:09,"20/06/25",59:54:00,-14.981,40.03253,-105.16012,1541.76,1.5,0.6,0,NA,"PinPoint 49338 2020 Hoops 25",2020,25,"Hoops"
"314","2640-97378",49338,2020-06-25,2020-06-26,48,"Valid","7/7","20/06/25",14:10:07,"20/06/25",09:51:00,-15.067,40.03533,-105.1571,1543.99,3.5,1.2,0,NA,"PinPoint 49338 2020 Hoops 25",2020,25,"Hoops"
"315","2640-97378",49338,2020-06-25,2020-06-26,50,"Valid","9/9","20/06/25",14:30:11,"20/06/25",29:55:00,-15.593,40.03218,-105.16023,1542.66,1.1,1,0,NA,"PinPoint 49338 2020 Hoops 25",2020,25,"Hoops"
"316","2640-97378",49338,2020-06-25,2020-06-26,51,"Valid","8/8","20/06/25",14:40:11,"20/06/25",39:55:00,-15.397,40.03221,-105.16102,1540.53,1.2,1.1,0,NA,"PinPoint 49338 2020 Hoops 25",2020,25,"Hoops"
"317","2640-97378",49338,2020-06-25,2020-06-26,52,"Valid","8/8","20/06/25",14:50:07,"20/06/25",49:51:00,-15.1,40.03247,-105.15911,1540.6,1.3,1.2,0,NA,"PinPoint 49338 2020 Hoops 25",2020,25,"Hoops"
"318","2640-97378",49338,2020-06-25,2020-06-26,53,"Valid","6/6","20/06/25",15:00:10,"20/06/25",59:54:00,-15.123,40.03251,-105.1595,1541.59,1.2,1,0,NA,"PinPoint 49338 2020 Hoops 25",2020,25,"Hoops"
"319","2640-97366",49327,2020-06-16,2020-06-17,NA,NA,NA,NA,NA,NA,NA,NA,NA,NA,NA,NA,NA,NA,NA,NA,NA,NA,NA
"320","2640-97337",49332,2019-06-25,2019-06-26,41,"Valid","8/9","19/06/25",13:00:04,"19/06/25",59:52:00,-11.754,40.08196,-105.22876,1564.46,1.1,1.8,0,NA,"PinPoint 49332 2019 Schaaps 110",2019,110,"Schaaps"
"321","2640-97337",49332,2019-06-25,2019-06-26,42,"Valid","8/9","19/06/25",13:10:11,"19/06/25",09:58:00,-12.397,40.09871,-105.24414,1610.75,1.2,2.3,0,NA,"PinPoint 49332 2019 Schaaps 110",2019,110,"Schaaps"
"322","2640-97337",49332,2019-06-25,2019-06-26,43,"Valid","5/5","19/06/25",13:20:10,"19/06/25",19:57:00,-12.425,40.10125,-105.24727,1609.88,2.1,1.1,0,NA,"PinPoint 49332 2019 Schaaps 110",2019,110,"Schaaps"
"323","2640-97337",49332,2019-06-25,2019-06-26,45,"Valid","8/9","19/06/25",13:40:07,"19/06/25",39:55:00,-11.83,40.09515,-105.23968,1590.33,2,2.1,0,NA,"PinPoint 49332 2019 Schaaps 110",2019,110,"Schaaps"
"324","2640-97337",49332,2019-06-25,2019-06-26,46,"Valid","8/9","19/06/25",13:50:04,"19/06/25",49:52:00,-11.856,40.10384,-105.24677,1610.88,1.1,0.5,0,NA,"PinPoint 49332 2019 Schaaps 110",2019,110,"Schaaps"
"325","2640-97337",49332,2019-06-25,2019-06-26,47,"Valid","7/8","19/06/25",14:00:04,"19/06/25",59:52:00,-11.84,40.10383,-105.24678,1612.21,1.6,0.6,0,NA,"PinPoint 49332 2019 Schaaps 110",2019,110,"Schaaps"
"326","2640-97337",49332,2019-06-25,2019-06-26,48,"Valid","8/9","19/06/25",14:10:10,"19/06/25",09:57:00,-12.401,40.09521,-105.24169,1597.11,1.1,0.8,0,NA,"PinPoint 49332 2019 Schaaps 110",2019,110,"Schaaps"
"327","2640-97337",49332,2019-06-25,2019-06-26,50,"Valid","7/9","19/06/25",14:30:08,"19/06/25",29:56:00,-11.888,40.0966,-105.2433,1602.04,1.5,0.7,0,NA,"PinPoint 49332 2019 Schaaps 110",2019,110,"Schaaps"
"328","2640-97337",49332,2019-06-25,2019-06-26,51,"Valid","5/5","19/06/25",14:40:10,"19/06/25",39:57:00,-12.207,40.10132,-105.24719,1602.59,2.2,0.4,0,NA,"PinPoint 49332 2019 Schaaps 110",2019,110,"Schaaps"
"329","2640-97337",49332,2019-06-25,2019-06-26,52,"Valid","8/9","19/06/25",14:50:04,"19/06/25",49:52:00,-11.967,40.10141,-105.24697,1610.01,1.1,2.1,0,NA,"PinPoint 49332 2019 Schaaps 110",2019,110,"Schaaps"
"330","2640-97337",49332,2019-06-25,2019-06-26,53,"Valid","9/9","19/06/25",15:00:11,"19/06/25",59:59:00,-11.969,40.10061,-105.24754,1611.27,1.4,1,0,NA,"PinPoint 49332 2019 Schaaps 110",2019,110,"Schaaps"
"331","2640-97500",49331,2019-06-28,2019-06-29,41,"Valid","6/8","19/06/28",13:00:04,"19/06/28",59:54:00,-9.408,40.0995,-105.24563,1617.32,2,1.2,0,NA,"PinPoint 49331 2019 Schaaps 114",2019,114,"Schaaps"
"332","2640-97500",49331,2019-06-28,2019-06-29,42,"Valid","8/9","19/06/28",13:10:10,"19/06/28",10:00:00,-9.423,40.10126,-105.2471,1606.52,1.1,1.4,0,NA,"PinPoint 49331 2019 Schaaps 114",2019,114,"Schaaps"
"333","2640-97500",49331,2019-06-28,2019-06-29,43,"Valid","7/9","19/06/28",13:20:11,"19/06/28",20:01:00,-9.398,40.09796,-105.24499,1602.57,1.2,0.6,0,NA,"PinPoint 49331 2019 Schaaps 114",2019,114,"Schaaps"
"334","2640-97500",49331,2019-06-28,2019-06-29,44,"Valid","8/9","19/06/28",13:30:09,"19/06/28",29:59:00,-9.462,40.10124,-105.24713,1618.13,1.3,2.6,0,NA,"PinPoint 49331 2019 Schaaps 114",2019,114,"Schaaps"
"335","2640-97500",49331,2019-06-28,2019-06-29,45,"Valid","9/9","19/06/28",13:40:04,"19/06/28",39:54:00,-9.454,40.10122,-105.24706,1612.65,1,0.9,0,NA,"PinPoint 49331 2019 Schaaps 114",2019,114,"Schaaps"
"336","2640-97500",49331,2019-06-28,2019-06-29,46,"Valid","8/9","19/06/28",13:50:09,"19/06/28",49:59:00,-9.502,40.10126,-105.2472,1614.89,1,1.1,0,NA,"PinPoint 49331 2019 Schaaps 114",2019,114,"Schaaps"
"337","2640-97500",49331,2019-06-28,2019-06-29,48,"Valid","3/4","19/06/28",14:10:11,"19/06/28",10:00:00,-10.2,40.10126,-105.24716,1614.89,2.7,0,0,NA,"PinPoint 49331 2019 Schaaps 114",2019,114,"Schaaps"
"338","2640-97500",49331,2019-06-28,2019-06-29,49,"Valid","7/9","19/06/28",14:20:04,"19/06/28",19:54:00,-9.562,40.10076,-105.24798,1626.37,1.5,1.7,0,NA,"PinPoint 49331 2019 Schaaps 114",2019,114,"Schaaps"
"339","2640-97500",49331,2019-06-28,2019-06-29,50,"Valid","3/4","19/06/28",14:30:11,"19/06/28",30:01:00,-9.6,40.10129,-105.24692,1626.37,3.1,0,0,NA,"PinPoint 49331 2019 Schaaps 114",2019,114,"Schaaps"
"340","2640-97500",49331,2019-06-28,2019-06-29,51,"Valid","6/6","19/06/28",14:40:07,"19/06/28",39:57:00,-9.57,40.10124,-105.24721,1620.81,1.3,1,0,NA,"PinPoint 49331 2019 Schaaps 114",2019,114,"Schaaps"
"341","2640-97500",49331,2019-06-28,2019-06-29,52,"Valid","7/9","19/06/28",14:50:04,"19/06/28",49:54:00,-9.621,40.1008,-105.25062,1625.01,1.5,1,0,NA,"PinPoint 49331 2019 Schaaps 114",2019,114,"Schaaps"
"342","2640-97500",49331,2019-06-28,2019-06-29,53,"Valid","6/6","19/06/28",15:00:04,"19/06/28",59:54:00,-9.604,40.10122,-105.24721,1622.86,1.8,0.7,0,NA,"PinPoint 49331 2019 Schaaps 114",2019,114,"Schaaps"
"343","2640-97593",49329,2020-06-11,2020-06-12,58,"Valid","9/9","20/06/11",12:50:07,"20/06/11",49:52:00,-14.394,40.12657,-105.20806,1554.33,0.9,3.1,0,NA,"PinPoint 49329 2020 Struthers 20",2020,20,"Struthers"
"344","2640-97593",49329,2020-06-11,2020-06-12,59,"Valid","9/9","20/06/11",13:00:07,"20/06/11",59:52:00,-14.415,40.12884,-105.20427,1556.76,1.1,1.4,0,NA,"PinPoint 49329 2020 Struthers 20",2020,20,"Struthers"
"345","2640-97593",49329,2020-06-11,2020-06-12,60,"Valid","5/5","20/06/11",13:10:11,"20/06/11",09:56:00,-14.436,40.12814,-105.20751,1558.65,2.9,0.6,0,NA,"PinPoint 49329 2020 Struthers 20",2020,20,"Struthers"
"346","2640-97593",49329,2020-06-11,2020-06-12,61,"Valid","7/7","20/06/11",13:20:05,"20/06/11",19:50:00,-14.456,40.13413,-105.19718,1544.45,1.2,1,0,NA,"PinPoint 49329 2020 Struthers 20",2020,20,"Struthers"
"347","2640-97593",49329,2020-06-11,2020-06-12,62,"Valid","6/6","20/06/11",13:30:09,"20/06/11",29:54:00,-14.482,40.12788,-105.20733,1593.23,1.2,4.8,0,NA,"PinPoint 49329 2020 Struthers 20",2020,20,"Struthers"
"348","2640-97593",49329,2020-06-11,2020-06-12,63,"Valid","9/9","20/06/11",13:40:11,"20/06/11",39:56:00,-14.503,40.12807,-105.20738,1560.36,0.9,1.6,0,NA,"PinPoint 49329 2020 Struthers 20",2020,20,"Struthers"
"349","2640-97593",49329,2020-06-11,2020-06-12,64,"Valid","7/8","20/06/11",13:50:07,"20/06/11",49:52:00,-14.522,40.12627,-105.20855,1557.5,1.6,1.9,0,NA,"PinPoint 49329 2020 Struthers 20",2020,20,"Struthers"
"350","2640-97593",49329,2020-06-11,2020-06-12,66,"Valid","8/9","20/06/11",14:10:11,"20/06/11",09:55:00,-15.197,40.12806,-105.20725,1562.78,1.2,4.7,0,NA,"PinPoint 49329 2020 Struthers 20",2020,20,"Struthers"
"351","2640-97593",49329,2020-06-11,2020-06-12,67,"Valid","6/8","20/06/11",14:20:05,"20/06/11",19:50:00,-14.633,40.12909,-105.20652,1562.85,2.1,1,0,NA,"PinPoint 49329 2020 Struthers 20",2020,20,"Struthers"
"352","2640-97593",49329,2020-06-11,2020-06-12,68,"Valid","5/6","20/06/11",14:30:05,"20/06/11",29:50:00,-14.599,40.12802,-105.20736,1552.71,3.7,1.1,0,NA,"PinPoint 49329 2020 Struthers 20",2020,20,"Struthers"
"353","2640-97593",49329,2020-06-11,2020-06-12,71,"Valid","6/7","20/06/11",15:00:07,"20/06/11",59:52:00,-14.662,40.1377,-105.19819,1548.36,2.2,0.7,0,NA,"PinPoint 49329 2020 Struthers 20",2020,20,"Struthers"
"354","2510-63486",49324,2019-06-18,2019-06-19,41,"Valid","8/9","19/06/18",13:00:11,"19/06/18",59:59:00,-11.398,40.03184,-105.17457,1570.04,1.1,0.5,0,NA,"PinPoint 49324 2019 VanLoon 27",2019,27,"VanLoon"
"355","2510-63486",49324,2019-06-18,2019-06-19,42,"Valid","4/4","19/06/18",13:10:11,"19/06/18",09:59:00,-11.051,40.03593,-105.17053,1570.06,3.7,0.2,0,NA,"PinPoint 49324 2019 VanLoon 27",2019,27,"VanLoon"
"356","2510-63486",49324,2019-06-18,2019-06-19,43,"Valid","7/8","19/06/18",13:20:09,"19/06/18",19:57:00,-11.091,40.03602,-105.17095,1557.24,1.4,0.7,0,NA,"PinPoint 49324 2019 VanLoon 27",2019,27,"VanLoon"
"357","2510-63486",49324,2019-06-18,2019-06-19,44,"Valid","6/7","19/06/18",13:30:07,"19/06/18",29:55:00,-11.093,40.0358,-105.17014,1544.9,1.4,1.4,0,NA,"PinPoint 49324 2019 VanLoon 27",2019,27,"VanLoon"
"358","2510-63486",49324,2019-06-18,2019-06-19,45,"Valid","7/8","19/06/18",13:40:04,"19/06/18",39:52:00,-11.103,40.03574,-105.17025,1561.29,1.1,0.6,0,NA,"PinPoint 49324 2019 VanLoon 27",2019,27,"VanLoon"
"359","2510-63486",49324,2019-06-18,2019-06-19,46,"Valid","9/9","19/06/18",13:50:04,"19/06/18",49:52:00,-11.156,40.03805,-105.17308,1545.6,0.8,1.1,0,NA,"PinPoint 49324 2019 VanLoon 27",2019,27,"VanLoon"
"360","2510-63486",49324,2019-06-18,2019-06-19,47,"Valid","8/9","19/06/18",14:00:11,"19/06/18",59:59:00,-11.2,40.03651,-105.17226,1551.56,1.4,1.8,0,NA,"PinPoint 49324 2019 VanLoon 27",2019,27,"VanLoon"
"361","2510-63486",49324,2019-06-18,2019-06-19,48,"Valid","6/6","19/06/18",14:10:08,"19/06/18",09:56:00,-11.165,40.03573,-105.17049,1558.65,1.4,2,0,NA,"PinPoint 49324 2019 VanLoon 27",2019,27,"VanLoon"
"362","2510-63486",49324,2019-06-18,2019-06-19,49,"Valid","8/8","19/06/18",14:20:11,"19/06/18",19:59:00,-11.249,40.03629,-105.16987,1558.82,1.9,6.8,0,NA,"PinPoint 49324 2019 VanLoon 27",2019,27,"VanLoon"
"363","2510-63486",49324,2019-06-18,2019-06-19,50,"Valid","6/6","19/06/18",14:30:05,"19/06/18",29:53:00,-11.205,40.03593,-105.17021,1548.03,2.7,1.3,0,NA,"PinPoint 49324 2019 VanLoon 27",2019,27,"VanLoon"
"364","2510-63486",49324,2019-06-18,2019-06-19,51,"Valid","8/9","19/06/18",14:40:07,"19/06/18",39:55:00,-11.272,40.03906,-105.17556,1543.17,1.1,1.1,0,NA,"PinPoint 49324 2019 VanLoon 27",2019,27,"VanLoon"
"365","2510-63484",49336,2020-06-15,2020-06-16,54,"Valid","4/4","20/06/15",13:00:11,"20/06/15",59:51:00,-19.2,40.03588,-105.17031,1548.6,2.4,0.2,0,NA,"PinPoint 49336 2020 VanLoon 29",2020,29,"VanLoon"
"366","2510-63484",49336,2020-06-15,2020-06-16,56,"Valid","8/9","20/06/15",13:20:10,"20/06/15",19:50:00,-19.181,40.03643,-105.17025,1539.79,1.3,1.1,0,NA,"PinPoint 49336 2020 VanLoon 29",2020,29,"VanLoon"
"367","2510-63484",49336,2020-06-15,2020-06-16,58,"Valid","7/7","20/06/15",13:40:11,"20/06/15",39:52:00,-18.57,40.03605,-105.17017,1550.74,1.5,0.8,0,NA,"PinPoint 49336 2020 VanLoon 29",2020,29,"VanLoon"
"368","2510-63484",49336,2020-06-15,2020-06-16,59,"Valid","9/9","20/06/15",13:50:09,"20/06/15",49:50:00,-18.604,40.03967,-105.1767,1546,0.9,0.8,0,NA,"PinPoint 49336 2020 VanLoon 29",2020,29,"VanLoon"
"369","2510-63484",49336,2020-06-15,2020-06-16,60,"Valid","9/9","20/06/15",14:00:11,"20/06/15",59:52:00,-18.637,40.03628,-105.17101,1558.5,1,1.1,0,NA,"PinPoint 49336 2020 VanLoon 29",2020,29,"VanLoon"
"370","2510-63484",49336,2020-06-15,2020-06-16,61,"Valid","7/7","20/06/15",14:10:09,"20/06/15",09:50:00,-18.66,40.03626,-105.17081,1558.54,1.9,0.3,0,NA,"PinPoint 49336 2020 VanLoon 29",2020,29,"VanLoon"
"371","2510-63484",49336,2020-06-15,2020-06-16,62,"Valid","7/7","20/06/15",14:20:09,"20/06/15",19:50:00,-18.669,40.0359,-105.16977,1560.24,1.7,1.3,0,NA,"PinPoint 49336 2020 VanLoon 29",2020,29,"VanLoon"
"372","2510-63484",49336,2020-06-15,2020-06-16,63,"Valid","8/8","20/06/15",14:30:04,"20/06/15",29:45:00,-18.659,40.03585,-105.17023,1557.73,1.2,2.7,0,NA,"PinPoint 49336 2020 VanLoon 29",2020,29,"VanLoon"
"373","2510-63484",49336,2020-06-15,2020-06-16,64,"Valid","7/8","20/06/15",14:40:05,"20/06/15",39:46:00,-18.734,40.03775,-105.17033,1572.14,1.9,1.6,0,NA,"PinPoint 49336 2020 VanLoon 29",2020,29,"VanLoon"
"374","2510-63484",49336,2020-06-15,2020-06-16,65,"Valid","6/6","20/06/15",14:50:11,"20/06/15",49:52:00,-18.756,40.03588,-105.1704,1539.26,1.3,0.6,0,NA,"PinPoint 49336 2020 VanLoon 29",2020,29,"VanLoon"
"375","2640-97580",49337,2019-07-17,2019-07-18,41,"Valid","8/9","19/07/17",13:00:10,"19/07/17",59:59:00,-10.186,40.03607,-105.17066,1554.69,1,1.9,0,NA,"PinPoint 49337 2019 VanLoon 43",2019,43,"VanLoon"
"376","2640-97580",49337,2019-07-17,2019-07-18,42,"Valid","7/7","19/07/17",13:10:11,"19/07/17",10:01:00,-9.794,40.03602,-105.17076,1541.07,1.7,0.8,0,NA,"PinPoint 49337 2019 VanLoon 43",2019,43,"VanLoon"
"377","2640-97580",49337,2019-07-17,2019-07-18,43,"Valid","9/9","19/07/17",13:20:09,"19/07/17",19:59:00,-9.715,40.03584,-105.17154,1551.17,1.4,0.8,0,NA,"PinPoint 49337 2019 VanLoon 43",2019,43,"VanLoon"
"378","2640-97580",49337,2019-07-17,2019-07-18,44,"Valid","9/9","19/07/17",13:30:11,"19/07/17",30:01:00,-9.752,40.03576,-105.17147,1555.71,1.1,2.7,0,NA,"PinPoint 49337 2019 VanLoon 43",2019,43,"VanLoon"
"379","2640-97580",49337,2019-07-17,2019-07-18,45,"Valid","9/9","19/07/17",13:40:11,"19/07/17",40:01:00,-9.796,40.03606,-105.1708,1556.65,1.2,2.2,0,NA,"PinPoint 49337 2019 VanLoon 43",2019,43,"VanLoon"
"380","2640-97580",49337,2019-07-17,2019-07-18,46,"Valid","9/9","19/07/17",13:50:04,"19/07/17",49:54:00,-9.797,40.03608,-105.17051,1562.95,1.1,1.7,0,NA,"PinPoint 49337 2019 VanLoon 43",2019,43,"VanLoon"
"381","2640-97580",49337,2019-07-17,2019-07-18,47,"Valid","8/8","19/07/17",14:00:06,"19/07/17",59:56:00,-9.771,40.03623,-105.17104,1556.54,1.3,0.7,0,NA,"PinPoint 49337 2019 VanLoon 43",2019,43,"VanLoon"
"382","2640-97580",49337,2019-07-17,2019-07-18,49,"Valid","6/6","19/07/17",14:20:05,"19/07/17",19:55:00,-9.866,40.03621,-105.17104,1557.78,2.1,1.4,0,NA,"PinPoint 49337 2019 VanLoon 43",2019,43,"VanLoon"
"383","2640-97580",49337,2019-07-17,2019-07-18,51,"Valid","9/9","19/07/17",14:40:09,"19/07/17",39:59:00,-9.864,40.03683,-105.16918,1558.36,1.7,2.6,0,NA,"PinPoint 49337 2019 VanLoon 43",2019,43,"VanLoon"
"384","2640-97580",49337,2019-07-17,2019-07-18,52,"Valid","7/7","19/07/17",14:50:10,"19/07/17",49:59:00,-10.391,40.03658,-105.17375,1548.54,1.2,0.7,0,NA,"PinPoint 49337 2019 VanLoon 43",2019,43,"VanLoon"
"385","2640-97580",49337,2019-07-17,2019-07-18,53,"Valid","9/9","19/07/17",15:00:10,"19/07/17",00:00:00,-9.91,40.0366,-105.17152,1545.06,0.9,1,0,NA,"PinPoint 49337 2019 VanLoon 43",2019,43,"VanLoon"
